battery_power,blue,clock_speed,dual_sim,fc,four_g,int_memory,m_dep,mobile_wt,n_cores,pc,px_height,px_width,ram,sc_h,sc_w,talk_time,three_g,touch_screen,wifi,label
1626,0,1.1,0,0,1,48,0.2,99,7,18,1364,1389,680,19,6,9,1,0,0,2
1959,0,2.1,1,3,1,47,0.4,136,4,3,1481,1091,548,16,8,11,0,1,0,2
1360,1,1.8,1,10,0,53,0.2,177,2,5,1103,1245,1464,12,4,13,1,0,1,3
1794,0,2.4,0,2,0,20,0.2,129,5,16,646,1904,2857,11,14,11,1,0,1,2
1630,1,0.8,1,12,0,14,0.6,159,4,4,1795,927,686,10,17,14,0,0,1,1
1595,1,2.4,0,16,1,43,0.2,104,7,6,986,1196,2907,6,3,19,0,0,0,1
1544,0,1.9,0,9,1,22,0.1,91,8,8,819,1145,572,10,6,11,1,1,1,2
621,1,2.9,1,11,0,38,0.7,150,3,0,1782,1231,653,17,7,18,1,0,0,3
966,1,1.4,0,14,0,28,0.4,118,8,0,472,1299,1603,16,16,17,1,1,0,3
1738,1,2.1,0,9,0,56,0.2,96,2,18,1694,863,1844,19,12,6,1,0,1,3
830,1,2.8,1,13,0,53,0.3,124,2,5,1738,701,851,15,10,4,1,1,0,0
1982,0,0.8,1,12,1,30,0.7,90,5,17,111,1381,2849,13,0,16,1,1,0,1
587,1,2.8,0,4,0,21,0.3,149,7,9,1315,645,2379,19,1,3,0,0,1,0
1896,0,2.2,0,5,1,26,0.5,102,5,10,1845,1335,3168,6,16,14,0,1,1,3
1623,1,0.7,1,1,0,7,0.2,170,6,0,1654,1138,2199,5,4,9,1,1,0,0
1371,1,1.3,0,16,0,37,0.6,189,7,0,382,1980,1171,15,5,18,1,0,1,0
630,0,2.3,0,3,0,3,0.4,149,1,12,16,634,3012,17,6,5,1,1,0,2
1832,1,0.7,0,13,0,23,0.7,117,1,4,492,1125,2789,9,14,10,0,0,1,1
1269,1,2.0,0,9,0,33,0.8,81,1,19,1354,1787,3415,15,15,16,1,1,1,2
843,1,1.4,0,2,1,17,0.7,165,5,0,925,563,3050,10,12,10,0,0,1,1
1937,0,2.1,0,2,0,19,0.4,163,1,19,1762,990,1511,7,4,10,0,0,1,1
1305,1,0.6,0,14,0,6,0.3,168,7,2,1896,540,3334,12,2,15,1,0,0,1
885,0,2.7,1,5,0,55,0.4,158,1,17,1509,1819,2853,11,2,17,0,0,1,3
1715,1,2.9,1,16,1,37,0.2,192,3,8,1429,1526,1231,6,13,18,1,0,0,1
1455,0,2.9,1,11,1,31,0.3,172,1,13,116,1412,1331,16,15,14,0,1,0,1
776,0,2.4,1,19,1,46,0.8,151,2,16,1578,1474,3982,11,16,10,1,1,1,1
1684,1,0.8,1,10,1,20,0.4,116,6,13,879,1633,3245,19,3,16,1,0,1,0
959,1,2.4,0,3,0,24,0.5,128,5,3,114,1744,3222,19,12,8,0,1,1,3
1837,0,0.6,0,5,0,35,0.6,131,4,4,1818,1893,3723,5,7,2,0,1,1,0
521,0,0.6,0,0,0,14,0.6,112,6,16,1572,867,1500,13,4,2,0,1,1,3
752,1,1.3,0,19,1,44,0.2,101,3,1,813,1959,1707,17,1,6,1,0,0,1
1247,0,1.7,1,15,0,63,0.8,193,5,4,1648,1417,4079,11,14,10,0,0,1,3
1356,1,2.4,0,14,0,55,0.3,190,7,3,1570,1527,1422,10,1,13,0,1,0,3
974,1,2.2,0,16,1,30,0.8,84,8,3,643,743,2284,17,10,7,1,0,0,2
1582,1,1.6,1,7,1,37,0.8,182,5,5,1359,1401,618,6,12,14,1,0,0,2
1010,1,1.2,0,11,1,23,0.7,97,2,19,335,665,2685,7,9,9,0,1,0,1
1999,0,3.0,0,9,0,53,0.6,117,7,12,921,1549,3888,5,2,16,0,0,1,2
1199,1,1.6,1,14,0,53,0.1,197,6,4,1912,1918,3604,19,4,7,0,0,1,1
1475,0,1.6,0,8,1,48,0.4,196,6,6,1763,1997,2574,14,2,7,1,0,0,1
689,1,0.9,0,1,0,37,0.6,116,1,19,146,1540,3341,17,5,5,1,0,0,3
1457,0,2.5,0,4,1,10,0.4,173,7,0,121,1227,2601,9,12,12,0,0,1,0
1186,1,2.2,0,5,1,40,0.9,194,8,13,80,1615,3307,13,9,19,1,1,0,3
1457,0,1.1,0,6,0,52,0.4,174,2,3,684,982,3791,17,7,4,0,0,1,1
1062,0,0.7,1,0,1,20,0.4,143,1,16,1689,1042,3854,10,17,4,0,0,0,2
1767,1,2.2,1,6,1,39,0.3,89,1,13,661,1728,489,9,2,13,1,1,1,3
1331,1,2.1,1,19,1,7,0.4,158,8,15,374,1430,2878,16,16,7,0,1,0,2
1654,1,1.2,1,11,0,53,0.6,121,5,13,1593,899,1987,7,7,7,0,0,0,2
1146,1,2.9,1,15,1,48,0.7,127,6,15,62,1730,282,9,9,9,1,1,0,2
520,0,0.9,1,15,1,16,0.7,123,1,19,503,1118,1750,12,1,16,0,0,1,3
1340,1,1.6,0,10,1,58,0.8,161,3,7,667,1669,348,16,11,19,0,1,1,0
666,0,2.9,1,3,1,21,0.9,166,3,2,448,1378,2920,6,5,17,1,0,1,2
1797,0,1.5,1,12,1,10,0.8,176,6,18,1451,600,564,9,1,7,0,1,0,1
887,1,2.1,0,6,1,33,0.1,95,3,0,867,1379,307,10,2,18,0,0,0,0
1100,0,1.5,0,3,1,5,0.8,133,8,1,1450,1329,574,14,16,10,1,1,0,0
815,0,1.2,1,14,0,51,0.3,181,5,14,1444,1764,2248,12,6,19,1,0,0,1
513,0,3.0,0,18,0,19,0.2,114,2,9,1345,1258,436,12,4,6,1,0,0,2
741,0,1.5,1,8,1,6,0.7,177,4,17,1936,662,1848,19,0,7,0,0,0,3
1276,1,2.7,0,10,0,21,0.4,107,1,13,679,1696,3447,9,7,13,1,1,1,3
1869,1,1.1,1,7,0,24,0.2,81,4,16,1189,1001,3178,13,11,12,0,1,1,2
1064,1,1.0,0,0,1,63,0.2,173,2,12,1620,1046,3370,8,13,17,1,0,1,0
1397,1,0.6,0,7,0,12,0.1,92,2,0,1672,1807,902,16,15,18,0,0,0,1
1863,0,2.1,1,12,1,38,0.9,120,8,4,460,1882,2217,13,9,10,0,0,1,1
591,0,1.4,1,3,1,23,0.1,159,5,12,458,880,1539,15,14,2,1,0,0,2
1890,1,2.7,1,7,1,59,0.3,138,3,13,1212,1369,2500,11,14,4,0,1,0,0
1455,1,1.7,1,2,1,5,0.5,148,3,2,463,1404,2948,10,9,10,0,1,1,2
1978,1,2.9,1,8,1,30,0.4,198,8,14,911,1686,3274,8,6,14,1,1,0,3
1951,0,1.0,0,1,0,45,0.9,171,2,18,378,1501,2558,6,2,15,0,0,0,2
1008,1,2.7,1,1,1,35,0.1,132,5,16,1025,1108,2280,12,1,8,0,0,0,3
1275,1,2.4,1,12,0,14,0.6,182,5,2,1641,806,3035,10,5,5,0,1,0,2
534,1,2.4,0,14,1,43,0.7,124,6,15,363,1862,591,16,8,13,1,1,0,0
705,0,2.6,0,11,1,10,0.9,99,7,13,71,554,1832,19,9,15,1,1,1,0
1604,0,2.4,1,3,1,43,0.7,103,1,11,1450,1482,1781,7,3,3,1,1,1,3
1911,0,2.1,0,7,0,32,0.8,140,8,11,637,832,1245,11,2,2,1,0,0,2
1525,0,0.8,0,8,1,8,0.2,170,7,10,1193,626,3203,14,8,19,1,0,0,2
1521,0,0.6,1,4,1,5,0.4,173,8,16,1228,1204,1534,11,16,9,1,0,1,0
1913,0,2.8,0,19,1,20,0.4,137,3,7,1848,742,769,10,13,4,1,1,1,2
1065,0,2.0,0,17,1,43,0.9,188,2,16,336,1099,2285,6,9,7,1,0,1,0
1629,0,2.5,1,10,0,31,0.2,106,8,19,1495,1932,4034,12,12,14,0,1,0,0
1202,1,1.7,1,14,1,32,0.2,105,8,10,194,1002,497,5,11,10,0,1,1,1
901,1,0.8,0,8,0,36,0.4,86,6,1,1693,1103,2452,17,0,10,0,1,1,1
1229,0,0.8,0,16,1,58,0.1,121,4,9,1011,802,1989,5,5,10,0,1,0,0
661,0,2.2,1,11,0,22,0.3,126,3,9,652,1987,3626,10,12,16,1,1,0,0
701,1,1.6,0,6,0,62,1.0,132,1,10,1298,734,3060,9,12,14,0,0,1,2
1495,0,1.0,0,9,1,32,0.5,138,5,5,6,1561,2923,13,3,17,0,0,0,2
769,0,1.7,0,9,1,20,0.7,117,2,3,904,638,2756,17,1,3,0,0,1,2
1315,0,0.7,1,12,0,32,0.8,148,3,11,978,694,3720,16,14,15,0,1,1,1
1794,1,2.0,0,18,1,54,0.4,166,4,10,565,1146,2515,11,11,7,0,0,0,3
955,1,1.2,0,10,1,33,0.2,171,8,12,615,500,923,6,6,3,1,1,0,0
1985,1,2.5,1,12,1,3,0.3,177,1,4,1877,1060,3865,17,17,9,1,0,1,0
1775,1,1.3,0,7,0,60,0.4,132,8,5,1873,1619,849,16,12,5,0,1,0,2
1516,1,1.6,0,7,1,53,0.7,94,1,0,572,1212,3922,11,16,15,0,1,0,0
795,0,0.5,1,3,1,11,0.5,175,6,5,598,912,2434,19,3,12,0,0,0,2
1219,1,0.7,1,14,1,3,0.1,105,8,17,769,1037,3656,7,13,15,0,1,0,2
837,0,1.5,1,10,0,3,0.6,127,3,8,1201,928,2915,5,12,13,1,0,0,3
1378,0,1.7,1,10,1,61,0.9,174,4,14,241,734,511,15,2,17,0,0,0,3
1576,1,2.0,0,0,0,25,0.8,98,1,7,1226,848,1758,12,17,7,1,0,0,3
1291,1,1.2,0,16,1,18,0.8,88,2,18,1566,895,816,18,13,2,0,1,1,0
716,0,2.2,1,14,0,33,0.8,143,1,15,1824,1874,2366,16,14,13,1,1,0,3
1263,0,2.7,1,19,1,17,0.4,172,4,5,1485,915,1590,7,2,8,1,1,1,0
687,0,2.4,0,5,1,17,0.8,133,5,5,1103,1415,662,15,0,9,1,1,0,2
879,1,0.6,1,14,0,47,0.2,130,5,2,1546,1574,3105,12,16,10,0,0,1,2
992,1,1.7,0,8,0,40,0.7,118,6,9,1440,580,3432,11,2,3,0,1,0,0
1564,1,0.8,1,13,0,54,0.7,83,3,0,765,535,3944,16,13,18,1,0,1,2
1680,1,1.1,0,17,1,32,0.1,82,4,13,383,1590,2116,19,2,14,0,0,0,0
514,1,3.0,1,16,1,44,0.8,199,6,3,390,1140,2318,6,12,6,0,1,1,1
564,0,0.9,1,17,1,25,0.9,143,7,11,895,1381,1966,17,14,11,1,1,0,3
1020,1,1.7,0,4,1,2,0.3,108,1,5,1822,1256,514,18,17,13,0,0,0,0
1867,0,2.0,1,19,0,12,0.8,195,7,10,687,1122,978,18,13,18,1,1,1,0
1652,0,2.3,0,19,1,56,0.2,90,1,11,1149,967,3739,5,2,7,0,0,1,1
1147,0,1.9,0,8,1,22,0.6,176,5,9,1517,1665,1538,11,7,4,0,1,0,3
1995,1,0.5,0,10,1,5,0.5,181,6,17,46,855,869,17,3,16,1,1,1,0
1586,1,1.3,0,0,1,8,0.6,137,5,6,1741,1208,3587,5,3,8,1,0,1,1
1662,1,1.8,0,17,1,27,0.9,154,2,6,1499,1994,1950,10,10,7,1,0,0,3
1092,0,0.7,1,5,1,48,0.9,106,7,10,618,1519,3372,17,0,5,1,0,1,0
891,0,1.4,1,1,1,51,0.8,176,7,3,463,1401,2234,15,7,6,0,1,0,1
918,0,0.6,0,14,0,13,0.3,100,5,19,1810,1172,1068,14,14,4,0,1,1,3
788,0,0.7,1,13,1,32,0.9,118,2,0,1872,938,2042,15,0,10,0,1,0,2
878,0,1.5,0,4,1,18,0.2,174,1,12,122,1030,586,14,6,7,1,0,1,3
730,0,0.8,1,5,1,34,0.9,181,6,17,1497,626,2468,12,10,14,0,0,0,0
1517,1,1.9,1,5,1,12,0.4,125,2,8,133,704,1472,11,13,5,0,1,0,3
540,1,2.2,1,17,0,29,0.1,145,6,8,1642,528,1800,8,15,3,0,0,1,3
1551,1,2.5,1,13,0,33,0.7,170,7,8,1840,944,3728,5,13,5,1,1,1,0
634,1,1.0,0,9,0,2,0.3,115,6,9,840,1465,1653,5,11,9,1,0,0,0
700,0,0.9,0,13,0,48,0.3,154,7,1,1585,963,3392,8,16,14,0,1,0,3
1279,0,0.8,1,12,0,29,0.4,190,2,5,848,1803,642,9,13,11,0,1,1,1
1429,1,2.1,1,2,0,54,0.2,161,7,14,606,650,1774,16,9,19,1,1,1,2
1556,0,2.3,0,5,1,43,0.3,144,8,2,1803,739,2073,11,13,10,1,0,1,2
1571,1,0.6,1,7,0,8,0.1,142,3,10,22,765,4020,18,17,2,1,0,1,3
1002,1,2.8,0,11,0,3,0.5,178,7,5,565,1628,3742,8,8,14,1,1,1,3
906,1,0.6,0,12,1,43,0.2,114,5,2,1909,1956,2073,14,16,19,0,1,1,0
1304,0,1.9,0,10,0,25,0.7,110,2,10,765,1412,2070,18,5,16,1,1,0,0
598,1,2.3,1,11,1,5,0.3,107,8,14,964,996,3357,16,7,3,0,1,1,3
1183,1,2.7,0,0,1,45,0.9,182,1,12,234,1963,3593,5,12,12,1,1,1,3
1225,1,2.3,1,16,0,20,0.9,80,6,19,995,1184,2631,15,17,15,0,1,1,2
1460,0,2.5,0,15,1,27,0.4,104,8,9,1082,657,1771,14,4,16,0,0,1,3
1112,0,1.3,1,10,0,12,0.8,122,4,5,1187,671,1496,11,5,15,1,0,0,2
1985,1,2.5,1,12,0,41,0.8,181,8,14,1794,993,575,6,3,17,0,0,0,0
1142,0,0.7,1,17,1,51,1.0,163,2,17,825,1469,654,17,6,16,0,0,0,3
1528,0,2.7,0,10,1,44,0.6,146,8,17,215,1834,2170,15,3,10,0,1,0,1
1741,0,1.9,0,11,0,12,0.2,142,8,6,1206,1926,360,6,10,6,1,1,1,0
1002,0,2.5,1,5,1,46,0.7,130,5,14,1592,1175,951,12,11,6,1,1,0,1
1266,0,1.6,1,8,1,4,0.7,81,7,17,656,1158,3320,16,13,12,1,0,1,3
897,0,2.1,1,15,0,13,0.7,161,6,17,934,1402,585,14,12,5,0,0,1,3
1370,0,1.8,0,3,0,4,0.4,187,3,19,1113,1165,915,14,9,19,0,1,0,1
1294,0,2.3,0,2,1,43,0.9,143,1,8,310,1986,3944,14,17,4,0,0,0,0
892,0,0.7,0,15,0,28,1.0,153,3,1,556,866,3374,9,15,5,0,0,1,2
706,0,0.7,0,11,0,50,0.3,148,8,7,971,1049,2902,14,4,15,1,1,0,3
1538,1,1.1,1,10,0,55,0.2,88,4,19,256,1142,1076,6,7,8,0,1,0,2
1391,1,0.9,1,4,0,3,0.3,81,2,1,532,754,2228,9,13,9,0,1,1,2
1984,0,2.7,0,17,0,50,0.8,113,6,10,1556,707,2944,12,4,17,0,0,1,2
1363,1,1.0,0,18,0,17,0.7,139,2,6,51,949,2049,10,7,16,1,1,1,0
1242,1,2.9,1,5,0,3,0.7,181,5,5,1361,594,2617,7,5,8,0,1,1,1
1764,0,1.3,0,17,1,61,0.5,140,2,9,1194,1338,3474,12,15,18,1,1,1,1
1063,0,1.0,0,5,0,55,0.6,110,1,4,1090,977,717,19,3,13,1,0,0,3
1520,0,2.5,0,3,1,31,0.4,89,4,10,1648,1182,1863,18,11,19,0,0,1,0
595,1,2.1,0,11,1,21,0.5,193,3,0,299,1261,2789,13,10,15,0,1,1,2
984,1,1.7,0,18,1,39,0.8,155,8,1,671,689,1931,9,2,16,0,1,1,1
1930,0,1.9,0,1,0,29,1.0,115,8,0,777,1210,2713,17,11,16,0,0,0,1
730,0,2.3,1,16,0,26,0.9,197,4,18,831,1255,2330,6,4,6,1,0,1,1
1248,0,1.1,0,10,1,33,0.9,164,6,1,231,1946,3356,6,5,17,1,1,1,1
1694,1,3.0,0,10,0,62,0.5,128,2,19,974,1335,526,11,17,6,1,0,0,1
1040,1,2.9,1,15,1,11,0.5,190,6,3,1860,632,2989,5,15,3,1,1,1,3
1559,1,2.1,1,1,0,61,0.7,149,3,11,1091,554,2804,14,10,10,1,1,1,1
1024,1,1.0,1,1,0,43,0.9,191,6,19,1529,1009,3580,16,4,10,1,0,1,2
1683,0,2.2,0,7,1,41,0.2,128,5,17,27,1169,640,6,8,5,1,1,0,1
1766,0,0.7,1,12,1,34,0.4,82,4,0,1651,909,315,14,2,16,1,1,0,2
1609,0,0.6,0,9,1,14,0.2,153,3,0,1074,1734,1386,8,7,12,1,0,1,2
1077,0,1.1,0,7,0,57,0.7,84,3,13,1716,1816,475,5,5,2,1,1,1,3
1181,1,1.7,0,3,1,42,0.4,189,7,3,1283,1486,1720,8,3,19,0,0,1,1
1056,1,2.7,1,14,0,55,0.4,169,3,4,590,1233,3074,17,11,2,0,1,0,0
1512,0,2.3,1,0,0,43,0.2,140,7,10,784,1638,2162,16,11,9,0,1,0,3
1145,0,2.4,1,10,0,48,0.4,164,1,12,619,758,3985,15,15,17,1,0,0,0
1295,1,1.6,1,6,1,38,0.9,188,8,15,585,1645,2867,17,9,19,0,0,0,3
1551,0,1.4,1,16,1,55,0.3,169,7,12,1710,798,1851,14,13,10,1,0,0,0
1863,1,1.4,0,19,1,17,0.7,181,4,1,1001,1904,2849,19,12,13,1,0,0,2
1854,0,3.0,0,17,0,46,0.7,187,6,15,183,1060,351,9,8,19,0,0,1,0
1871,0,0.6,0,11,0,23,0.9,105,7,5,1046,796,1244,13,6,6,1,0,0,3
1996,0,2.7,0,8,1,58,0.2,151,3,13,1809,861,1368,5,11,3,0,1,1,2
1754,0,1.9,1,4,0,21,1.0,84,4,0,128,1088,3131,16,4,8,1,0,0,1
689,0,1.6,1,9,0,51,0.6,94,7,16,290,1986,2201,9,17,11,1,1,1,0
1748,0,2.3,0,3,1,44,1.0,95,7,10,1855,1961,2534,6,3,16,0,0,0,1
1908,0,1.7,1,4,1,28,0.9,80,3,18,500,626,1223,13,1,8,0,1,1,2
1900,1,2.7,1,9,1,42,0.3,95,5,2,185,696,2578,10,2,6,0,1,1,1
1806,1,2.8,0,10,0,17,0.2,116,5,10,478,720,501,6,11,16,0,0,1,0
1132,1,1.6,0,9,0,35,0.3,82,7,4,1594,1494,2414,18,2,16,0,1,0,2
1127,1,1.2,1,7,0,33,0.6,131,5,16,491,590,489,7,3,11,0,1,0,1
1472,1,2.0,1,1,0,27,0.3,126,2,6,512,910,3605,18,5,15,1,1,0,0
1782,0,2.8,0,7,0,26,0.3,174,3,9,1666,507,3804,12,11,11,1,0,1,0
1882,0,1.0,0,15,1,3,0.5,92,2,10,1090,1043,2720,5,9,18,1,0,1,2
1209,1,2.1,0,4,0,13,0.1,199,4,2,1828,967,2981,16,0,15,1,1,1,3
1979,0,2.1,1,2,0,41,0.2,159,2,19,466,819,1407,7,16,3,0,0,0,0
1934,1,2.3,0,11,0,10,0.5,134,4,9,284,1917,1516,17,15,17,1,0,0,3
1148,1,0.8,0,12,1,13,0.2,186,7,9,600,768,1058,14,8,14,1,1,1,0
817,0,2.3,1,12,1,27,0.5,100,4,13,1440,1714,2922,5,8,10,0,1,0,1
1748,0,2.8,1,9,1,10,0.5,145,4,11,1123,560,3455,15,8,8,1,0,0,2
1757,0,0.9,1,3,0,11,0.5,133,6,14,188,1961,3010,15,11,17,0,0,0,1
1183,1,1.1,1,8,1,33,0.9,106,2,9,988,1787,3154,12,8,11,0,0,0,2
1163,0,2.9,1,1,1,58,0.6,117,6,9,889,1296,1673,5,14,10,0,1,1,3
1897,1,1.0,0,18,1,35,0.5,169,7,18,1881,1618,2778,17,1,8,1,0,0,3
1995,1,2.6,0,0,0,49,0.5,137,3,0,387,1052,910,9,10,17,0,0,0,0
1756,1,1.7,1,6,1,21,0.8,141,2,9,240,1425,2698,8,10,10,1,0,1,1
1636,0,1.1,1,16,0,40,0.9,181,3,1,1805,1993,366,11,7,18,1,1,1,3
941,0,2.7,1,2,0,61,0.9,125,3,16,1754,1160,345,18,5,8,1,1,0,1
1063,1,1.6,1,19,1,3,0.7,168,4,6,416,1215,1018,9,6,12,0,1,0,2
1791,0,1.8,1,19,0,2,0.2,90,8,6,1941,1278,1559,12,2,9,0,0,0,1
1909,0,1.4,0,2,1,52,0.3,151,2,19,175,693,1612,16,7,8,0,0,0,1
1910,0,2.0,0,2,0,61,0.1,87,3,8,386,981,3551,18,17,13,1,1,1,0
1636,1,0.9,0,16,1,37,0.9,176,8,1,1494,1859,3428,15,16,8,1,0,1,3
1451,1,1.5,0,6,1,25,0.7,196,5,13,852,1958,2435,5,10,9,0,0,1,3
1604,0,2.9,1,13,1,55,0.8,150,3,16,1256,1719,1292,9,1,8,1,0,0,1
1198,1,1.1,0,16,0,28,0.4,143,5,0,662,1354,2760,8,6,7,0,1,0,3
612,0,2.1,1,17,1,3,0.9,181,2,8,451,1772,1720,7,17,10,0,0,1,1
501,0,1.3,1,12,0,32,0.3,100,7,19,276,997,353,9,7,14,1,0,0,0
1141,0,2.4,1,19,1,58,0.1,151,6,18,1252,711,1399,14,13,8,1,1,1,3
719,0,0.8,0,19,0,15,0.4,194,2,3,1194,1164,548,19,6,9,0,0,1,2
1354,1,2.9,1,17,0,3,0.6,197,6,7,1758,1169,2095,7,3,18,1,1,1,1
1748,1,1.6,0,3,1,30,0.5,142,6,12,212,1989,1990,12,16,18,0,0,1,1
884,1,1.1,0,0,1,16,0.9,164,2,3,1305,720,1280,17,4,17,0,1,1,3
1926,0,0.7,1,17,1,13,0.2,143,3,8,40,772,2875,7,11,3,1,1,1,3
1653,0,0.9,1,0,1,38,0.6,199,1,8,1145,1677,2553,5,8,9,0,0,1,3
1576,0,1.8,1,12,1,29,0.6,99,3,17,1250,1772,907,13,12,18,1,0,0,0
1229,1,1.3,0,19,0,21,0.4,87,3,11,293,778,2452,19,17,14,0,1,1,3
1939,0,2.6,1,19,1,62,0.8,137,7,9,599,1963,3722,13,8,19,1,0,1,0
746,1,1.6,0,9,1,40,0.8,125,4,10,1290,1315,2347,10,3,11,1,1,0,3
1335,1,1.1,1,10,0,25,0.8,110,4,6,540,775,2162,14,7,3,0,0,1,0
1962,1,2.0,1,8,1,22,0.9,193,3,8,1782,1504,1977,5,0,3,1,0,0,1
702,1,2.3,0,8,1,11,0.8,172,5,5,1851,1013,3947,12,16,15,1,0,1,1
1707,1,0.9,0,4,0,47,0.3,191,7,18,450,1611,1323,6,8,17,0,0,0,3
622,1,0.9,0,0,1,15,0.7,88,6,15,1472,1422,3405,13,12,8,1,1,0,3
900,0,0.6,0,16,1,38,0.4,94,8,14,1779,1141,3553,18,1,13,0,1,0,1
1266,0,2.3,0,1,1,19,0.3,173,4,6,1084,1004,2465,12,12,15,1,0,1,2
793,1,2.2,0,12,0,25,0.2,105,3,15,1525,1089,2072,7,8,5,0,0,0,3
779,1,1.7,1,8,1,15,0.8,89,7,4,1170,1271,508,17,5,5,0,0,1,0
1383,0,2.6,1,3,0,35,0.7,108,1,15,1709,1764,387,9,0,19,0,0,1,3
697,1,2.5,0,4,1,59,0.3,197,5,0,789,1239,3775,13,4,4,0,0,1,3
1481,1,2.0,1,10,0,13,0.8,159,2,18,333,1174,2163,17,2,2,1,1,1,0
1251,0,2.7,0,18,1,23,0.9,115,3,4,1904,1759,2166,5,3,18,0,1,1,0
643,1,1.0,1,2,0,57,0.2,163,7,6,890,1513,2777,13,0,8,1,0,1,1
1108,1,0.8,1,11,0,7,0.3,188,3,18,1165,627,1935,19,13,17,0,1,1,0
1724,1,1.2,0,18,0,37,0.8,197,8,4,43,1002,1388,8,8,6,1,1,0,1
1647,0,0.6,0,18,0,46,0.3,116,6,16,143,1723,3009,8,3,8,0,0,1,2
686,0,1.8,0,12,0,37,0.7,165,5,7,1888,1401,1314,19,17,15,1,1,1,2
1849,0,2.8,1,6,0,23,0.2,150,4,0,332,1042,3794,8,13,3,1,1,0,0
963,1,0.6,0,14,1,15,0.5,102,4,1,997,991,2181,14,3,4,0,1,1,2
1872,1,0.8,1,6,1,17,0.8,120,4,14,1520,1544,2578,16,9,18,0,1,0,2
1159,0,1.6,0,7,0,62,0.7,183,8,19,1419,1757,442,13,2,17,0,0,0,3
1263,1,2.8,1,4,0,37,0.8,172,2,17,54,1213,1204,18,6,9,1,1,1,0
1454,1,1.3,1,13,0,57,0.9,159,7,10,1330,1290,2546,10,9,19,1,1,1,2
902,1,1.8,0,3,0,26,0.8,181,5,9,869,915,519,15,12,16,1,1,0,3
1869,1,0.6,1,9,1,33,0.7,107,5,3,1446,647,2253,12,3,8,1,0,1,2
646,1,0.9,1,19,0,34,0.1,127,4,4,1440,1469,777,16,17,10,0,1,0,1
1671,0,3.0,0,14,1,46,0.6,117,4,3,1696,528,3266,18,10,7,0,1,0,0
1363,1,2.9,1,17,1,37,0.1,110,6,12,796,1884,4005,8,3,19,0,1,1,3
988,0,0.5,0,19,0,21,0.8,93,8,12,324,807,1820,7,13,19,0,0,0,1
1428,1,2.9,0,12,0,19,0.4,196,1,17,1733,661,1038,18,17,15,1,0,1,3
1050,0,2.1,0,7,1,39,0.6,176,1,1,1694,1368,3414,5,7,15,1,0,1,3
837,1,2.7,0,8,1,4,0.4,152,3,15,79,1351,790,14,9,15,0,0,0,1
1371,0,1.6,1,15,0,24,0.8,170,3,0,1054,560,465,19,4,5,1,0,0,2
1140,1,1.8,1,18,0,33,0.9,167,5,18,984,624,2349,19,6,5,0,1,1,0
972,0,1.7,1,15,0,46,0.5,156,5,8,1135,1979,3794,11,11,16,1,0,1,1
650,1,2.2,0,6,1,60,0.9,169,2,2,557,1594,1819,8,2,16,1,1,1,2
1938,0,0.8,1,13,1,17,0.3,108,2,6,864,1337,281,18,3,19,1,0,0,2
1821,1,0.6,1,13,0,60,0.6,130,1,9,716,965,3593,12,9,15,1,0,1,1
762,0,1.3,0,3,1,6,0.9,128,8,0,1587,742,430,18,3,2,1,0,0,3
643,0,2.3,0,14,1,5,0.4,122,3,9,1673,1744,1795,7,14,11,1,1,0,0
845,1,1.0,1,2,0,22,1.0,171,1,8,471,972,1590,5,9,11,0,1,0,1
1123,1,2.2,0,4,0,41,0.2,171,8,14,73,1458,577,9,15,11,1,1,1,1
1516,0,2.9,0,0,1,52,0.1,151,1,14,1576,1032,1858,18,14,3,0,0,0,1
1380,1,0.7,0,2,1,15,0.9,166,3,2,1502,993,1414,6,17,9,0,0,1,3
501,0,2.2,0,14,0,40,0.2,172,7,4,588,1398,310,7,11,2,0,0,0,2
1396,0,1.6,1,7,0,32,1.0,84,2,8,1410,581,1822,18,15,2,0,0,1,2
1827,0,2.7,0,3,0,15,1.0,121,6,8,1722,1355,1865,10,0,5,0,0,1,2
753,1,0.9,0,1,0,7,0.2,86,6,6,1905,1378,3858,7,15,8,0,0,0,0
952,0,2.2,0,9,0,13,0.6,121,6,11,563,1422,3483,7,1,10,1,1,1,1
1560,0,2.6,0,3,1,17,0.3,115,3,8,1953,511,2128,16,14,17,1,1,0,2
1683,1,2.9,0,2,1,18,0.5,184,4,5,1456,1786,2971,10,6,6,1,0,0,3
1514,1,2.2,0,1,1,46,0.2,106,4,1,1435,948,2450,9,0,3,0,1,0,3
508,1,1.7,0,16,1,24,0.3,137,4,8,466,1715,1764,14,4,12,0,1,0,1
1756,1,2.0,0,19,0,15,0.4,125,5,16,598,1261,2902,13,9,19,0,1,0,1
1622,0,2.7,1,12,0,62,0.5,145,2,0,1644,1637,2323,5,3,14,1,0,0,0
1315,0,1.9,0,4,0,8,1.0,104,2,18,991,525,3596,17,13,12,1,0,0,0
707,0,0.6,1,8,1,47,0.8,152,7,5,1932,1007,588,7,12,18,1,0,1,1
1654,0,2.8,0,5,1,33,0.8,196,7,4,736,561,1834,7,0,6,0,0,0,2
903,1,2.2,0,4,1,16,0.6,106,5,1,993,728,1162,15,15,14,0,1,0,1
651,0,2.2,0,9,0,45,0.9,80,1,8,247,1106,3247,10,8,2,0,0,1,2
553,0,1.0,0,7,1,18,0.4,166,8,13,1604,1558,1166,12,15,11,1,0,1,2
1643,1,2.1,1,6,0,42,0.7,153,7,3,1143,1979,656,7,14,9,0,0,0,1
1127,0,1.5,0,6,0,55,1.0,121,6,3,66,1390,1205,7,13,9,0,1,0,3
1086,0,2.1,0,5,0,48,0.4,131,4,14,572,1260,1585,10,9,7,0,1,0,0
1943,0,0.8,1,19,0,45,0.7,104,6,7,1350,1094,2331,12,11,13,0,1,1,2
1945,0,2.1,1,2,0,35,0.9,133,4,3,1943,1548,2770,10,0,8,1,1,0,3
603,0,3.0,0,18,0,6,0.9,146,6,15,702,1555,3587,17,16,17,1,1,1,2
753,0,0.6,1,14,1,46,0.7,85,1,3,469,1535,3861,16,8,10,0,0,0,3
1750,1,2.9,1,3,0,28,0.4,137,8,15,492,1842,3285,18,17,11,0,1,0,0
1635,1,1.5,1,11,0,53,0.4,149,6,11,1724,500,2166,14,6,11,1,1,1,2
1009,0,2.7,0,5,1,24,0.1,132,6,15,662,1958,356,7,8,11,1,0,0,2
1996,0,2.5,0,18,0,41,0.8,145,3,18,285,1659,806,8,11,17,0,0,0,2
598,1,1.9,0,3,1,60,0.1,137,8,7,1937,1719,3105,5,6,2,1,0,0,3
652,0,2.3,1,14,1,15,0.9,161,6,5,1631,632,2656,17,13,18,1,1,1,2
1413,0,2.7,0,8,1,16,0.2,166,3,9,311,585,3627,12,14,15,0,0,0,3
1377,0,1.5,1,4,0,44,0.3,81,2,4,308,1999,1961,8,14,18,1,1,0,1
837,1,1.3,0,12,0,34,0.5,155,8,17,774,1847,2599,10,5,15,1,0,1,1
1321,0,2.2,0,17,1,54,0.8,101,5,9,1120,1703,608,15,13,9,1,1,1,2
1686,1,2.5,1,4,0,32,0.2,116,8,9,964,1015,3211,7,1,10,1,1,0,2
1456,0,2.4,0,15,0,36,0.5,99,8,6,1136,674,3457,15,7,9,0,1,0,3
660,1,2.5,1,18,1,18,0.5,182,6,17,1660,1262,1274,16,12,14,1,1,1,0
1300,1,1.6,1,13,1,29,0.3,103,2,0,455,1544,1435,15,5,18,1,0,0,1
897,0,2.5,0,15,0,20,0.2,191,8,6,1486,1496,1353,10,4,8,0,0,0,2
1800,1,0.8,1,14,1,47,0.9,163,7,0,131,1628,3669,16,4,18,1,1,1,3
1315,0,1.9,0,3,1,55,0.6,144,7,14,929,1077,3792,15,0,2,0,0,0,3
1915,1,0.5,0,6,1,63,0.1,144,3,3,964,1966,3417,13,8,6,0,1,0,1
1658,0,1.3,1,15,0,24,0.8,160,6,19,928,548,3906,13,5,7,1,0,1,0
1718,0,1.4,0,7,0,33,1.0,80,6,9,120,1027,2758,14,6,3,1,0,0,1
900,1,1.5,1,16,0,41,0.6,196,8,8,1220,644,4075,7,8,17,1,1,0,1
1139,0,2.2,0,15,1,14,0.6,195,1,1,1829,1863,3015,7,4,6,1,1,0,3
1556,0,1.5,0,9,0,60,0.9,188,2,13,1505,1261,1235,8,13,6,1,0,1,1
1187,1,1.6,0,9,1,21,1.0,173,4,15,633,1877,1611,16,4,13,0,1,0,1
959,0,1.1,0,1,0,36,0.8,184,4,0,1817,1598,994,11,7,4,1,0,1,1
1454,0,1.4,0,8,0,6,0.5,190,1,1,896,1428,1232,7,6,17,0,0,1,1
969,1,1.1,1,16,1,10,0.6,82,3,6,771,1293,1627,14,12,7,1,0,0,3
1898,1,0.7,1,10,0,30,0.7,125,4,9,1062,818,2536,12,12,16,0,1,1,0
1545,0,2.0,1,9,1,7,0.3,134,8,19,565,1610,2057,15,7,16,1,1,0,1
1249,0,2.2,1,16,0,26,0.5,154,4,0,511,1197,3925,12,10,17,1,0,0,3
537,1,2.0,1,3,0,32,0.8,167,7,12,1497,1346,3327,10,17,14,1,1,0,0
729,1,1.7,1,15,1,23,0.7,165,7,0,1184,1282,2405,8,5,13,1,1,1,2
1888,0,1.4,0,19,1,3,0.5,143,5,4,288,541,1208,15,1,11,1,0,0,1
1062,1,2.7,0,14,1,46,0.7,187,2,15,199,1616,736,16,12,15,0,1,0,2
937,0,1.8,1,4,0,6,0.2,124,3,14,1811,1028,1493,15,10,3,1,1,0,0
1806,0,1.7,1,5,0,61,0.5,105,6,16,527,1788,363,9,0,4,1,0,1,1
526,0,0.6,0,16,0,28,0.8,156,2,15,916,791,3492,16,1,10,1,1,1,2
725,0,1.4,0,0,1,26,0.3,144,3,12,1708,1468,1228,6,16,12,0,0,0,0
1800,0,1.5,0,18,1,9,0.3,103,4,10,1526,1987,1882,17,7,12,1,1,0,2
1297,1,1.5,1,3,1,56,1.0,153,5,16,1271,596,959,10,1,11,0,1,0,0
783,1,2.0,1,16,0,2,0.3,114,2,16,1406,1618,2638,7,5,15,1,0,0,2
1378,1,1.8,1,8,0,21,0.3,103,4,1,1241,1849,2389,19,4,10,0,0,1,3
1459,1,2.0,0,1,1,45,1.0,107,3,12,1110,573,3037,10,15,11,1,1,1,0
952,0,2.4,0,7,0,24,0.8,179,2,13,1105,1859,1130,16,7,10,1,0,1,0
1519,0,2.5,1,14,1,33,0.7,159,6,10,1085,1591,1703,9,15,6,0,0,1,3
1315,0,2.3,1,6,0,12,0.9,183,2,9,798,1257,3940,18,12,9,1,1,1,2
1158,0,2.9,0,5,0,40,0.2,95,4,2,1523,1600,4065,6,6,12,0,0,1,0
1046,1,0.5,0,0,1,48,0.7,138,8,16,1065,707,2667,19,15,2,1,1,1,1
1715,0,1.0,0,14,0,55,0.6,160,8,14,11,1744,2363,16,15,11,1,1,0,0
1572,0,0.5,0,6,0,25,0.8,194,2,8,832,1785,3809,17,11,2,0,0,0,0
516,1,2.1,1,16,1,12,0.6,133,6,9,1769,909,1529,18,13,8,1,1,0,3
1695,1,2.7,0,1,1,30,0.7,158,5,7,840,830,815,9,17,15,0,0,0,3
1743,1,1.1,0,8,0,55,0.5,95,5,12,642,843,372,9,17,6,0,1,0,2
657,1,2.8,0,8,1,27,0.5,94,8,17,1138,1488,4066,18,15,18,1,0,0,0
976,0,0.7,1,12,0,17,0.8,177,4,4,1241,1270,1129,13,15,7,1,0,1,0
1569,0,2.8,1,5,1,36,0.7,90,3,5,1672,573,3218,15,12,17,1,1,0,3
1896,1,1.4,0,5,0,21,0.7,144,4,16,105,753,1223,12,8,12,0,0,1,0
1017,0,0.8,0,19,0,47,0.5,158,5,10,690,1458,3302,16,8,11,0,0,0,1
598,0,1.7,0,19,1,4,0.6,169,1,19,527,1319,1824,16,12,16,1,0,1,1
1560,0,1.1,1,2,0,2,0.8,194,1,15,1495,1485,299,11,3,8,0,1,1,2
779,1,1.2,1,16,0,59,0.8,147,2,8,1777,831,764,19,8,3,0,1,0,1
1872,0,1.3,1,16,1,54,0.7,122,6,1,845,1921,2267,19,14,13,0,0,0,1
996,1,2.5,0,11,1,48,0.9,148,8,4,892,1868,1444,16,13,13,0,0,0,3
801,0,1.8,1,15,0,2,0.8,178,7,0,386,1246,3695,17,11,17,1,1,0,2
680,0,1.3,0,14,1,18,0.6,92,7,3,1249,1335,1571,19,5,7,1,1,0,0
1106,0,2.0,0,12,1,3,0.7,89,7,3,480,954,1104,18,2,4,1,1,1,2
1622,1,2.3,0,0,0,30,0.9,154,2,2,1777,1638,2135,7,15,3,0,0,0,0
1199,0,1.2,1,16,0,21,0.7,161,1,8,407,812,1172,14,16,6,0,1,1,1
1492,1,1.5,0,2,1,7,0.8,177,5,11,1480,1517,3201,8,15,12,0,0,1,2
1639,1,0.8,1,14,1,9,0.7,182,2,9,1676,727,1054,10,5,4,0,1,1,1
690,1,1.0,1,3,1,30,0.6,120,7,1,897,1333,1131,7,7,4,1,0,0,1
752,0,2.2,0,3,0,49,0.3,185,7,10,710,1357,2016,15,1,6,0,1,0,2
1480,0,1.0,0,17,0,52,0.5,129,8,9,1647,1768,2589,13,13,12,0,0,0,3
1427,0,1.8,1,16,0,34,1.0,166,4,5,638,1317,3531,12,11,4,1,1,0,2
1684,0,2.3,0,18,0,4,0.7,150,7,17,1044,1517,2987,10,16,14,1,1,0,0
1779,1,0.8,1,10,0,61,0.6,138,6,1,1682,1027,3851,8,14,9,1,0,0,1
1846,1,1.9,0,19,0,36,0.9,118,7,1,1624,1449,1074,11,17,11,0,1,1,1
627,1,1.1,1,2,0,6,0.6,82,4,9,814,926,2424,17,15,3,0,1,0,1
517,0,2.9,1,7,1,28,0.6,155,7,15,917,541,1200,19,12,5,0,1,1,1
1065,1,1.7,1,13,1,45,0.8,86,6,11,202,964,4083,15,16,19,0,1,1,2
1069,0,2.5,1,0,0,13,0.7,128,5,0,416,777,3991,7,7,5,0,0,0,0
1846,1,1.9,0,13,0,21,0.3,105,2,7,415,1335,3991,14,0,10,0,0,0,1
1185,0,0.6,0,1,0,46,0.5,112,6,15,1471,518,3321,19,2,17,1,1,0,2
1125,0,2.1,1,3,1,21,0.5,180,4,17,1535,565,3515,12,15,7,0,0,0,1
1811,1,2.9,1,18,0,10,0.4,127,2,12,84,666,1162,5,1,5,1,0,0,3
1353,1,2.0,0,5,1,40,0.6,158,2,14,166,1519,268,7,14,10,1,0,0,1
1461,1,2.5,0,0,1,5,0.5,81,4,11,383,902,858,15,0,14,1,0,1,3
654,1,2.7,0,16,1,52,0.3,184,8,7,467,908,455,9,8,10,0,0,1,3
989,0,1.1,0,7,1,55,0.5,150,1,9,1095,611,2889,9,15,7,0,1,1,3
1909,1,1.0,0,18,1,20,0.2,111,7,13,809,1797,2047,14,3,15,1,0,1,0
1284,1,2.0,0,0,0,39,0.6,83,6,4,996,1930,3783,18,11,16,0,1,1,3
1627,1,1.5,1,4,0,28,0.9,99,4,17,1544,1896,703,6,0,4,0,0,1,0
1916,0,2.6,0,15,1,46,0.8,193,5,18,1816,1096,2067,14,0,6,1,1,0,0
745,0,2.8,0,5,0,44,0.4,196,3,14,472,1150,1096,12,6,19,0,1,0,1
1699,1,1.4,1,7,1,14,0.2,115,4,5,992,1562,3398,9,17,15,0,1,0,0
1562,0,1.1,0,12,1,14,0.3,111,7,10,1281,604,845,11,14,17,0,0,1,0
1258,1,2.5,0,15,0,61,0.6,107,7,10,274,823,1409,19,12,15,0,0,1,1
1037,0,1.2,0,2,0,58,0.3,156,2,19,1773,1491,3192,11,15,10,1,1,1,0
1420,0,2.6,0,18,0,23,0.6,80,2,19,1043,1937,2346,18,6,16,1,1,0,2
907,0,1.6,0,11,0,29,0.3,139,4,17,1513,928,775,9,15,8,0,0,0,0
1024,0,2.2,1,15,0,53,0.9,135,3,17,1768,1134,1292,12,12,15,0,0,0,2
1327,1,0.7,0,10,1,48,0.5,114,8,9,489,1229,980,13,13,7,0,1,1,3
1402,1,2.1,1,9,0,54,0.3,191,4,1,1756,1388,2926,8,16,16,1,0,1,1
535,1,1.6,1,19,0,46,0.8,109,3,8,325,1584,1243,8,11,9,0,0,1,2
1184,0,2.0,0,3,0,23,0.4,133,8,13,528,1830,1058,12,12,3,0,0,0,3
519,1,0.9,1,11,1,44,0.2,115,3,18,891,1877,2838,5,14,9,1,0,1,0
820,1,2.3,0,1,0,20,0.6,134,7,9,88,892,2605,19,3,2,0,0,0,1
1011,1,2.7,1,18,1,9,0.6,168,7,3,485,703,4093,8,1,18,1,0,0,3
899,0,1.0,1,4,0,53,0.7,159,7,5,707,757,782,10,17,6,0,1,0,3
1153,0,0.7,0,7,0,9,0.3,137,5,13,349,985,1921,17,1,17,1,1,0,2
1471,0,0.6,0,6,1,43,0.5,162,7,3,1107,945,3900,8,14,8,0,1,0,0
970,1,2.1,0,13,0,27,0.4,144,6,14,386,1703,1394,10,14,8,0,1,0,3
1666,1,2.0,0,2,0,49,0.2,148,2,15,86,1523,715,9,9,19,1,1,0,0
1615,1,1.9,0,17,1,52,0.9,130,2,6,306,841,3135,18,10,19,1,1,1,1
1877,0,1.1,1,15,0,27,0.8,101,3,16,1873,632,2808,13,9,3,1,0,0,1
1333,0,1.5,1,18,1,24,0.4,167,2,18,1177,942,3635,14,4,16,1,0,1,1
1226,1,2.0,1,18,1,44,0.6,186,1,18,439,752,1187,13,8,15,1,1,0,3
1353,0,1.7,1,17,1,14,0.3,188,8,16,739,764,2242,8,12,19,0,1,0,3
550,0,3.0,1,19,1,29,0.9,195,3,5,263,592,580,17,17,10,1,1,0,2
1074,0,0.8,1,15,1,10,0.2,180,2,10,976,1934,834,18,16,15,1,0,1,0
1713,0,2.2,1,7,0,21,0.1,132,1,15,734,637,3064,8,5,6,1,0,0,2
1648,1,1.5,0,0,0,57,0.6,179,8,7,420,1731,3502,16,9,12,1,0,0,2
649,0,1.6,0,16,0,20,0.6,115,5,10,492,1501,3154,12,1,9,0,0,1,1
813,0,2.3,1,11,1,49,0.6,147,2,6,632,806,1793,14,5,6,0,1,1,3
1069,0,2.2,1,10,1,40,0.1,115,1,18,992,765,3499,19,12,12,0,1,1,3
1865,0,3.0,0,4,1,52,0.4,131,4,9,410,1145,3263,8,17,6,0,1,1,2
804,1,0.8,0,11,1,13,0.5,132,6,8,172,817,2805,6,6,18,0,1,0,0
1181,1,0.8,0,16,0,16,0.3,161,4,3,3,1636,2256,17,1,5,1,0,0,2
1337,0,2.3,0,5,0,32,0.9,129,1,14,853,1400,2637,17,13,16,0,0,1,3
1577,0,1.9,1,0,1,56,0.2,159,3,12,1663,1901,2587,18,4,3,0,1,0,1
1502,0,1.2,0,4,1,15,0.5,120,7,1,985,953,730,19,17,18,1,0,1,3
943,0,0.7,1,13,0,12,0.7,97,7,1,1495,690,1333,6,10,13,1,0,1,1
1112,0,0.7,1,4,1,27,0.3,101,7,15,1133,1963,1737,5,9,18,0,0,1,2
1492,0,2.7,1,0,1,43,0.7,145,8,8,1890,1710,1858,9,10,11,0,0,0,2
763,1,1.0,0,17,1,28,0.8,100,3,12,1060,1330,1699,19,1,19,1,1,1,2
1576,0,1.3,0,15,0,12,0.3,179,8,2,582,1890,3941,10,14,19,0,0,0,3
1503,1,1.1,1,8,0,39,0.9,123,2,8,1824,1612,887,13,6,14,1,1,0,0
504,1,1.4,1,18,1,35,0.6,182,7,12,1054,686,958,9,8,15,1,0,0,1
1626,0,0.7,1,4,0,44,0.4,126,4,1,380,1318,2712,17,4,17,0,0,1,2
1719,1,1.8,0,1,1,20,0.5,118,3,7,1291,1520,1237,10,6,19,0,1,0,0
1273,1,0.7,1,14,1,7,0.4,108,3,8,1034,631,1583,10,1,19,0,1,1,1
1376,1,2.5,0,6,0,47,0.8,133,7,15,343,1371,2214,7,2,17,1,0,0,0
1491,1,1.1,1,3,1,53,0.8,169,4,1,1863,1134,814,16,1,18,1,0,0,0
1383,1,1.9,1,0,1,39,0.8,164,5,5,1567,1899,477,8,3,8,0,1,0,2
1873,1,2.7,1,12,0,50,1.0,96,3,7,1592,1190,1812,5,6,13,0,0,1,2
546,0,2.1,0,19,1,43,0.8,159,7,4,165,1191,2461,8,6,3,0,0,1,0
1366,1,1.8,0,6,1,29,0.6,139,6,8,699,1622,603,5,16,11,1,1,1,0
1322,1,1.3,1,14,1,2,0.4,110,1,0,341,1557,1438,19,15,6,1,0,1,0
1435,1,1.3,0,13,0,36,0.6,194,8,8,1505,1081,1144,9,2,4,1,0,0,1
1155,0,2.2,1,18,1,41,0.1,152,2,9,1042,670,1177,15,14,14,0,0,0,0
768,1,3.0,0,19,0,9,0.8,174,3,3,1651,1889,1514,15,13,13,1,0,1,1
869,0,2.2,0,17,1,60,0.5,157,6,2,979,1283,2965,12,14,4,1,0,1,2
1135,1,1.9,0,9,1,53,0.1,128,6,9,1207,1582,660,12,13,7,0,1,1,2
1629,0,2.3,1,8,1,55,0.2,180,3,14,1805,680,1536,9,6,15,1,0,1,1
1156,0,1.7,0,7,1,48,0.4,81,5,10,544,518,932,18,2,5,0,1,0,2
619,1,0.7,0,9,0,57,0.6,195,1,13,1033,1749,844,14,16,14,1,1,1,3
1330,1,1.9,1,16,0,8,0.5,127,2,5,1615,1996,1876,6,9,19,0,0,1,1
1581,0,2.9,1,1,1,12,0.7,189,3,11,191,1618,2861,16,14,4,0,1,0,1
1869,1,0.9,1,5,1,40,0.5,93,8,12,319,1380,3208,10,5,7,1,0,1,2
1240,0,2.2,1,4,1,62,0.7,138,2,16,1725,1820,3374,5,16,17,0,1,0,0
1997,0,1.0,0,8,1,5,0.3,176,4,15,579,674,3540,11,16,4,1,1,1,2
616,0,1.8,0,4,1,26,0.2,178,6,2,474,1745,2782,15,13,13,0,1,0,3
1290,0,0.7,0,17,1,13,0.6,137,6,1,1883,553,2790,8,17,5,0,0,1,1
1650,0,1.6,0,19,1,27,0.5,182,3,10,636,1194,1850,9,4,2,0,1,1,2
1916,1,2.4,0,8,1,39,0.1,137,3,8,426,1362,821,10,7,3,1,1,1,2
1512,0,1.4,1,16,0,47,0.4,190,8,2,1871,1926,3669,15,6,14,0,1,1,0
1581,0,2.2,0,16,0,13,0.2,130,4,17,1082,1841,2827,5,3,14,0,0,1,0
1133,1,2.5,0,11,0,44,0.6,163,5,19,1459,848,959,13,17,3,1,0,0,3
1012,0,2.8,0,6,1,52,0.5,81,3,14,96,942,3830,14,4,17,0,1,1,3
1301,1,1.1,1,2,1,54,0.7,194,6,13,495,1332,3333,8,15,13,0,1,0,3
1619,1,1.5,1,9,1,38,0.8,120,2,1,1810,1079,3124,12,13,2,0,1,0,3
1641,1,0.9,0,1,0,47,0.4,162,1,16,660,781,3471,9,13,10,0,1,0,1
1059,0,3.0,1,2,1,54,1.0,180,7,7,1301,859,1113,15,8,18,1,0,0,0
987,0,2.8,1,15,0,25,0.6,161,2,9,1288,1414,1540,12,5,11,0,0,1,1
1760,0,1.8,1,1,1,17,0.7,95,5,17,8,1322,840,19,16,19,0,0,1,0
1396,1,2.6,1,9,0,58,0.7,83,1,18,456,1391,2989,5,11,8,1,1,1,3
1795,0,1.8,1,5,0,14,0.7,91,2,7,1818,1452,487,12,3,16,0,0,1,3
1712,1,2.1,1,10,0,26,0.6,108,2,7,272,1140,2573,15,15,10,0,1,0,3
1203,0,0.7,1,6,1,62,0.5,86,4,2,939,1531,3243,17,10,11,1,1,0,2
1970,1,2.4,0,14,0,55,0.1,93,7,2,1836,1062,3774,15,3,5,1,1,0,1
1080,0,0.8,0,5,1,55,0.1,198,8,11,1031,990,3177,8,16,7,1,0,1,0
1289,0,2.6,1,19,1,58,0.4,91,5,16,207,840,1501,6,7,5,1,1,1,1
1360,0,2.5,0,8,1,53,0.4,178,6,3,1937,971,307,15,13,6,0,0,1,2
746,1,2.3,0,19,1,55,0.4,84,4,16,1660,748,2419,10,1,10,1,1,1,1
1599,1,0.6,1,11,1,5,0.2,160,1,13,1146,734,793,6,10,13,0,0,0,3
653,0,1.3,0,18,0,12,0.8,185,7,18,1056,1606,3892,9,10,9,1,1,1,3
1958,0,1.2,1,19,1,33,0.9,111,6,8,1536,1616,796,6,5,6,0,0,1,0
1496,1,1.4,1,2,1,50,0.9,153,4,11,203,1917,1298,7,13,12,1,1,0,0
1609,1,0.7,1,14,1,8,0.5,122,7,4,517,1323,1070,15,9,12,1,0,0,2
1196,1,2.8,0,1,1,47,0.7,160,8,10,1832,1791,1671,10,7,14,0,1,1,0
1808,0,1.9,0,1,1,59,0.9,148,5,19,516,1940,3094,5,6,15,1,1,1,3
1743,1,1.3,0,2,0,12,0.5,124,3,2,442,1131,1908,10,7,9,1,1,0,2
1592,0,1.5,0,5,0,29,0.4,185,8,14,1615,1028,2921,7,7,19,1,0,1,0
1570,1,1.6,1,14,1,55,0.9,88,3,13,1809,1776,674,11,1,13,0,1,0,1
1508,0,2.0,1,9,0,42,0.6,128,1,10,688,621,2612,6,15,13,1,1,0,1
593,1,1.8,0,8,0,24,0.5,112,3,19,849,1391,4066,18,8,19,1,1,1,3
1457,1,2.8,1,0,1,46,0.3,179,4,7,832,509,1119,10,12,11,0,0,0,0
1511,1,1.7,1,15,0,24,0.2,179,1,3,338,1839,441,12,11,8,0,1,1,3
952,1,3.0,0,5,1,51,0.9,97,6,11,1461,1337,516,19,16,19,1,1,1,2
1727,1,2.6,1,8,0,29,0.7,88,8,7,1468,1796,1807,19,1,13,0,0,1,2
1411,0,1.0,0,3,0,44,0.4,141,8,5,1159,1829,1552,19,12,15,0,1,1,0
717,1,2.8,1,1,0,48,0.3,136,5,14,386,1733,2463,5,0,16,0,0,0,2
973,1,0.8,0,3,1,58,0.6,108,1,11,1048,1252,3173,15,10,17,1,1,1,2
931,1,2.5,1,0,0,27,0.6,193,6,15,505,1385,1017,15,4,3,1,0,1,2
840,0,1.5,1,18,0,26,0.3,157,8,15,1348,963,479,17,0,19,0,0,0,3
1050,1,2.7,0,9,1,55,0.9,104,1,19,1718,1211,1535,13,12,13,1,0,1,2
1812,0,2.7,0,14,1,30,0.2,94,2,19,679,1227,435,9,7,17,0,1,1,3
1777,1,2.5,0,18,0,20,0.4,85,2,3,1361,1216,2323,9,5,14,1,1,1,0
856,1,2.5,0,15,1,34,0.7,199,1,10,689,1939,1903,17,16,18,0,0,1,3
522,0,1.3,1,3,0,37,0.3,121,8,12,884,1739,887,16,11,19,1,1,0,0
1021,1,0.7,1,1,0,15,0.8,108,7,8,1118,579,4033,9,0,4,0,1,0,3
1623,0,1.5,0,12,1,15,0.8,158,3,3,1568,979,3795,10,2,11,1,0,1,3
1301,0,0.9,1,0,1,36,0.8,172,2,11,622,1401,3950,6,13,2,1,0,0,1
1703,1,2.2,0,16,1,31,0.2,83,7,8,1169,1390,3537,10,7,7,0,0,0,2
1746,0,1.4,0,12,0,29,0.2,161,7,12,892,517,1792,18,10,4,1,0,0,2
1261,1,2.9,1,3,1,18,0.4,193,5,15,952,1688,2361,15,13,5,1,1,0,0
941,1,2.1,1,6,0,4,0.6,136,6,5,1254,701,3420,8,7,4,1,1,1,1
1268,0,2.6,0,16,1,17,0.8,128,4,9,783,1240,3548,12,2,9,1,1,0,1
1515,0,0.8,0,8,0,47,0.9,123,2,12,1871,1869,3026,17,6,9,1,1,1,3
1848,0,2.7,0,3,1,31,0.7,182,1,6,494,1889,2219,15,3,8,1,1,1,3
1015,0,2.8,1,18,0,53,0.9,159,3,18,1061,1971,3559,13,15,3,1,1,0,2
1539,1,1.7,1,0,1,30,0.8,154,4,18,1448,818,3691,13,12,7,1,0,1,2
1291,1,2.0,1,9,0,46,0.4,93,6,16,1670,716,870,12,4,17,0,1,0,2
835,0,2.4,1,3,1,16,0.3,82,7,12,1869,1557,817,7,4,11,1,1,1,1
757,1,0.9,0,8,1,47,0.7,194,6,12,746,765,2677,14,3,5,0,1,1,1
996,1,1.8,0,12,0,57,0.3,193,8,1,436,1223,877,15,1,14,1,0,0,2
1395,1,1.5,0,13,1,26,0.2,141,2,9,1854,1274,3783,15,12,11,0,0,1,3
659,1,0.9,0,9,0,52,0.6,185,6,12,1391,1603,2391,8,15,15,1,1,0,2
1998,0,1.4,0,5,0,39,0.8,143,6,8,344,912,3347,5,1,10,0,0,1,2
1351,0,0.7,0,15,1,43,0.2,181,3,0,1183,1775,1269,13,16,12,0,0,1,3
1189,1,0.6,1,5,0,60,0.8,124,8,13,549,1535,2317,9,4,19,1,1,0,1
879,0,0.8,1,16,1,48,0.8,185,8,15,1685,900,2436,10,17,12,0,1,0,2
1456,0,2.9,0,9,1,54,0.5,161,7,19,1935,1223,2216,7,17,18,1,1,0,1
1190,0,1.9,0,17,0,55,0.2,137,3,14,819,781,1313,15,7,3,1,0,1,1
1950,1,2.9,1,17,1,53,0.3,99,3,0,540,1635,3195,14,14,4,0,0,0,2
1791,1,1.6,1,2,0,59,0.7,137,1,16,143,1222,3535,12,12,12,1,1,0,2
1940,1,1.3,1,19,0,39,0.7,191,6,12,587,1901,3526,19,12,19,0,0,0,1
1691,0,1.8,1,14,1,24,0.9,168,6,14,656,1250,847,11,15,4,0,0,0,2
1566,1,1.6,0,14,1,26,0.6,136,8,15,1764,767,838,5,12,16,1,0,1,2
784,1,0.8,0,3,0,43,0.2,181,6,15,1599,797,3482,14,1,12,1,1,1,3
896,0,2.1,0,8,0,8,0.2,156,5,1,1882,1840,1869,16,2,12,1,1,1,3
511,1,1.0,0,18,1,23,0.7,147,3,16,344,1069,1357,9,14,12,1,1,1,1
1825,1,2.0,0,16,1,18,0.3,198,4,10,1292,1008,3499,14,12,2,1,1,1,3
1776,0,2.1,1,10,1,19,0.4,157,8,7,1863,1045,544,13,4,6,0,1,1,2
998,0,0.9,0,8,1,50,0.5,176,2,19,695,1274,1824,16,5,11,0,0,0,3
1253,0,0.7,1,9,0,42,0.1,171,8,2,1796,864,3316,15,13,11,1,0,1,2
534,1,2.5,0,17,1,11,0.3,131,7,11,267,1046,3182,16,3,15,1,0,0,0
1226,1,1.6,0,19,0,11,0.5,116,4,19,168,770,1699,10,6,3,1,0,0,0
1348,1,0.6,0,12,0,58,0.4,87,7,15,1794,1997,262,12,3,5,0,0,0,2
589,0,3.0,0,7,1,8,0.2,123,1,13,1762,1238,1439,14,1,3,0,0,0,2
1275,0,0.6,0,6,0,49,0.8,177,1,15,32,1036,495,5,6,19,0,1,1,2
1104,1,2.2,1,16,1,62,0.8,187,7,16,376,1757,2242,14,2,14,1,1,1,1
1469,1,3.0,1,14,0,51,0.3,84,6,10,1237,558,1702,15,14,6,1,0,1,1
1521,0,1.1,1,19,1,39,0.8,197,4,16,1585,1774,2839,11,0,3,0,1,0,1
917,0,0.9,0,14,0,28,0.4,148,6,18,1463,585,2005,7,1,12,1,0,1,2
614,0,0.8,0,0,0,53,0.6,110,8,0,1515,1262,2373,13,9,19,1,0,1,1
1116,0,1.3,1,13,1,34,0.9,124,5,11,392,889,2159,10,15,7,0,1,1,2
1719,1,0.8,0,4,1,2,0.8,88,1,14,488,1703,2519,9,14,11,0,1,1,1
1325,0,2.2,0,10,0,45,0.8,185,1,17,721,1218,3431,12,14,18,1,0,1,3
1598,1,0.7,1,15,0,54,0.2,111,4,13,945,1355,4054,12,13,12,0,1,1,0
912,1,1.8,0,1,1,61,0.2,112,1,0,1052,648,1333,16,13,18,1,0,0,0
1899,1,3.0,1,7,0,35,0.9,146,5,12,38,1082,3109,16,5,5,0,0,0,2
1943,0,2.5,0,10,1,5,0.4,109,5,14,1882,620,2633,7,13,15,0,0,1,2
1228,0,2.0,1,17,0,18,0.4,193,5,6,1635,1264,1103,6,16,5,1,0,0,0
1800,0,1.3,0,2,1,5,0.8,155,2,14,1196,1104,3530,19,17,15,1,0,0,3
1520,0,2.1,0,0,0,44,0.9,108,5,19,1040,755,1567,6,16,5,0,1,1,1
1260,1,1.8,1,10,1,55,0.9,82,5,9,1079,1265,2348,18,15,7,1,0,0,1
1175,0,1.6,0,15,1,27,0.4,169,2,13,225,1363,3132,9,7,10,0,1,1,0
1917,0,0.8,0,17,0,5,0.9,136,6,5,1581,1299,2501,14,6,13,1,0,0,1
956,1,2.7,1,15,1,2,0.1,109,8,13,66,1832,1495,16,11,9,0,1,1,1
1419,0,1.6,0,9,0,8,0.1,88,3,11,1220,558,1760,11,8,5,0,0,0,1
691,1,1.0,1,17,1,31,0.7,105,1,10,1677,1521,1588,12,13,6,0,1,0,3
1238,1,1.4,0,5,1,51,0.2,81,5,19,834,1592,3199,14,0,7,1,0,0,1
1622,1,1.5,0,18,1,10,0.4,141,1,18,1046,1969,3762,19,9,6,0,0,0,2
1477,1,2.6,0,3,0,62,0.7,82,4,1,998,887,2635,12,16,9,0,1,1,0
1508,1,2.3,0,12,1,36,0.4,125,1,19,1629,1609,951,17,16,10,0,1,0,1
595,1,2.4,1,13,0,9,0.3,147,7,0,1777,1285,282,16,16,16,0,1,1,0
1162,1,0.5,0,2,1,62,0.4,104,6,7,236,1750,3493,12,3,5,1,1,1,3
1713,1,1.5,1,9,0,25,0.5,130,8,13,956,1092,2621,19,16,10,1,1,0,2
536,0,1.7,0,5,0,20,0.5,92,2,8,918,1707,3601,14,17,8,0,1,0,3
1892,0,0.5,0,0,0,37,0.8,182,1,1,1946,1845,3710,16,1,9,0,0,1,1
778,0,1.1,0,13,1,51,0.8,123,1,4,1589,1408,2668,15,7,16,1,0,0,3
716,0,2.4,0,7,0,53,0.5,114,1,7,1161,1841,3430,7,12,16,0,0,1,2
1366,1,0.8,1,18,1,60,0.9,134,3,15,472,1065,1215,18,14,6,1,1,0,0
1372,0,1.8,1,13,0,44,0.2,166,3,15,1868,898,1782,15,8,8,0,1,1,1
1796,1,1.0,1,9,0,28,0.3,88,4,12,1807,1398,2124,6,2,7,1,1,0,1
561,0,0.5,1,16,0,33,0.8,81,2,19,552,1816,628,17,2,18,0,0,0,2
1095,0,1.1,0,8,0,15,0.4,140,1,14,1633,792,3943,8,1,11,1,1,1,0
1228,0,2.9,1,5,1,58,1.0,197,1,0,694,984,2205,19,0,12,1,0,1,2
1865,1,2.5,1,10,0,19,0.5,120,1,2,1663,1970,500,5,13,16,1,1,1,2
896,0,2.9,0,6,0,29,0.8,123,1,5,1252,1302,2096,7,16,11,0,1,0,2
1198,1,1.7,0,16,1,61,0.5,143,3,13,316,1935,3496,15,12,12,1,1,0,1
1542,1,0.8,0,0,0,30,0.5,110,6,3,597,1389,3955,13,14,4,1,0,0,2
676,0,1.9,0,4,0,17,0.4,187,6,17,767,743,1932,11,13,4,0,1,0,0
895,0,1.6,1,8,0,36,0.7,126,4,14,1744,1943,3745,11,1,19,0,0,1,0
944,0,2.6,1,17,0,48,0.6,81,7,8,1750,1459,3683,5,6,12,0,1,1,2
1756,1,0.7,0,1,1,60,0.9,175,5,17,885,1677,2781,11,16,19,0,1,0,1
575,0,1.7,0,10,1,60,0.3,161,2,2,1635,1315,380,14,17,16,1,1,0,1
764,1,0.9,0,5,0,32,0.2,156,6,9,560,1947,792,11,5,8,0,1,0,0
954,1,1.3,1,7,1,5,0.5,189,7,16,1224,772,3009,8,7,11,0,0,1,1
1217,0,2.3,1,3,1,38,0.7,148,8,6,257,1019,2175,11,1,11,0,1,1,0
1234,0,1.7,0,17,0,18,0.9,137,8,14,1503,1651,1891,12,0,14,0,0,0,1
1907,1,1.4,0,10,1,40,0.4,185,1,0,1911,1896,1681,7,15,16,0,1,1,2
1350,1,1.5,1,4,0,49,0.7,123,8,10,1201,1067,1796,17,6,19,0,1,0,1
1890,1,1.6,0,14,1,47,0.4,153,6,16,756,1137,786,14,10,5,0,1,0,3
643,0,2.5,0,17,1,27,0.7,135,4,4,122,658,4009,6,14,18,1,0,1,1
1384,1,2.7,1,1,1,49,0.9,122,5,6,341,1151,3089,11,12,4,1,1,1,1
1592,0,2.9,0,10,0,40,0.3,168,6,18,1194,675,509,9,1,3,1,0,1,2
1622,1,2.5,1,12,1,42,0.5,113,4,14,1868,1119,2424,9,13,5,1,0,1,0
895,1,1.3,0,3,0,5,1.0,180,8,2,1671,710,3359,18,5,2,1,1,0,3
1548,0,2.2,0,6,0,31,0.9,109,3,14,1082,946,916,9,8,16,0,0,1,2
1447,1,1.6,1,10,1,31,0.6,150,5,4,1728,1085,2057,19,6,2,0,1,1,0
1390,0,1.1,1,3,0,23,0.6,149,4,11,1488,666,1316,11,17,7,0,0,1,3
1992,0,2.6,0,14,1,12,0.4,197,7,19,1803,959,4016,13,8,8,0,0,1,0
1674,1,0.6,1,0,0,3,0.6,134,6,4,259,1415,1621,15,3,13,1,0,0,3
1667,0,2.8,0,2,0,45,0.9,146,3,2,1396,1880,1292,12,8,2,1,0,0,3
1068,0,1.7,0,13,1,13,0.7,92,7,8,94,1827,1462,10,3,8,0,1,1,2
1562,1,2.1,1,5,1,31,0.4,82,4,8,1148,1756,3984,11,11,14,0,0,1,0
608,0,2.1,0,17,1,37,0.3,105,4,6,40,1850,3592,13,3,13,1,1,0,0
1565,0,2.7,0,0,1,19,0.3,136,8,1,1914,1705,2391,18,13,13,1,0,0,1
1709,0,2.1,1,5,0,27,0.3,103,7,15,253,1857,3789,15,6,14,1,1,1,0
1434,1,2.0,1,5,0,54,0.2,132,6,8,6,1552,2349,10,12,15,0,1,0,1
897,0,0.7,0,15,0,8,0.5,149,5,12,1494,1213,3719,5,7,13,0,0,0,3
1746,1,1.8,1,4,1,62,0.2,122,3,18,727,1616,1398,8,4,13,1,0,0,1
1133,1,0.9,1,16,0,2,0.3,139,8,19,1534,1340,3236,12,11,7,1,1,0,2
1656,0,2.3,1,9,1,59,0.6,137,1,16,1604,1367,1810,11,12,11,0,0,1,2
1686,0,1.8,1,17,0,27,0.2,128,2,5,68,1187,3774,7,13,10,0,0,0,3
1738,0,2.2,0,6,1,24,0.2,121,5,3,1104,829,2011,14,17,3,0,0,0,0
1232,1,0.6,0,2,0,27,0.4,155,8,0,541,1707,2221,7,3,8,0,0,1,1
734,0,0.7,0,12,0,46,0.3,192,3,17,1608,594,1000,15,17,10,1,0,1,3
1157,0,2.3,1,14,1,7,0.6,179,7,18,1285,1284,1885,7,6,13,1,0,1,3
1250,0,0.7,1,19,0,7,0.2,145,4,8,88,1148,1222,16,14,6,1,0,0,3
1087,0,0.7,1,18,1,45,0.8,90,7,12,1938,852,1018,19,5,2,0,0,1,2
1532,0,0.5,1,2,0,9,0.9,182,8,7,1231,1429,3065,5,15,16,0,0,0,0
1597,1,2.9,1,3,0,25,0.8,177,3,12,212,1440,1049,19,7,9,0,1,1,2
1453,1,2.3,1,4,1,23,0.6,169,7,14,833,1483,999,14,15,2,1,0,0,0
991,0,1.4,1,0,1,20,0.9,97,7,10,265,1788,1325,5,15,19,1,0,1,2
1412,0,1.2,0,3,0,38,0.7,164,2,11,911,1542,1787,10,2,14,1,0,1,2
1776,0,1.4,0,11,0,19,0.1,179,6,13,292,1145,813,18,16,2,0,0,0,2
1753,0,2.4,1,9,0,32,0.5,183,8,3,1230,1125,2250,18,8,6,0,0,1,3
1697,1,2.2,1,19,0,63,0.9,131,2,0,332,638,781,5,2,19,1,1,1,2
1691,0,1.0,1,12,0,38,0.4,125,8,3,1100,1215,2900,9,6,17,0,1,1,1
669,1,0.9,0,13,0,31,0.1,123,1,18,1311,1261,1095,8,17,11,1,0,1,0
1916,1,0.7,0,4,1,58,0.8,101,1,8,1004,754,258,9,11,5,1,1,1,3
1445,0,2.2,1,3,1,43,0.8,132,2,9,46,1608,1307,11,15,2,1,0,0,0
1294,1,2.4,1,13,1,34,0.2,138,5,3,621,1981,1660,10,16,9,1,0,0,0
1133,1,1.2,0,9,0,11,0.6,173,5,19,1223,1175,412,16,14,6,0,1,1,0
1717,1,0.6,0,16,0,38,0.3,193,7,8,426,591,3158,13,0,3,0,1,1,2
528,1,0.7,0,9,0,13,0.7,186,7,12,209,1592,2193,10,1,18,0,1,0,0
1688,0,2.9,0,6,1,55,0.3,109,4,11,887,536,2210,13,7,8,0,1,0,3
1945,0,1.2,1,15,1,31,0.4,87,1,10,1443,639,766,8,1,18,0,1,1,3
838,1,2.4,0,0,0,28,0.9,177,8,11,153,1366,3660,5,8,7,0,0,0,3
1888,0,2.1,0,16,0,40,0.5,136,4,17,1545,1179,942,5,8,16,1,0,1,0
1865,0,1.5,1,8,1,10,0.7,190,1,11,414,1701,1393,14,12,6,0,0,1,3
999,0,1.0,0,5,1,55,0.5,152,2,15,1376,636,1668,11,5,16,0,1,1,3
1010,0,0.8,0,18,1,22,0.4,194,5,4,1180,689,1766,17,14,19,0,0,1,3
1850,0,2.0,0,12,0,13,0.7,99,7,19,1284,841,3577,17,14,19,1,1,0,2
716,1,2.4,1,2,0,56,0.2,183,5,11,1100,1528,826,17,17,7,0,0,0,2
1824,0,2.1,0,6,0,30,0.4,104,2,10,768,1471,970,7,6,3,1,1,0,0
1655,0,1.8,1,8,1,34,0.3,98,4,8,982,1780,1594,6,10,18,0,1,1,3
1593,0,0.6,1,4,1,44,0.7,84,4,17,1511,1161,2542,18,7,5,0,0,0,0
1775,0,2.9,0,9,0,63,0.9,154,3,2,1154,742,3561,10,5,13,0,0,1,1
1938,1,2.5,0,16,0,54,1.0,158,7,19,578,914,2606,10,7,3,1,0,1,3
944,1,1.2,0,11,1,16,0.5,151,7,16,1478,1206,2910,17,1,3,1,0,0,1
1375,1,2.9,0,15,0,3,0.3,162,8,13,739,842,1246,11,15,15,0,1,1,0
1705,1,2.0,1,2,1,53,0.5,166,7,0,162,1181,3980,9,6,16,0,0,1,3
666,0,2.0,0,8,1,40,0.9,106,1,16,1038,1902,589,12,9,3,0,1,1,3
590,1,2.4,0,14,0,54,0.3,119,4,7,1255,1152,2416,11,11,5,1,0,0,0
1213,0,2.5,0,4,1,45,1.0,175,2,4,194,645,1900,6,16,10,1,0,1,3
538,0,2.1,1,12,0,55,0.4,105,4,4,1884,822,617,19,6,8,0,0,0,1
1649,0,0.8,0,13,1,19,1.0,106,5,8,541,621,2136,5,7,14,1,0,1,1
1974,0,1.3,0,19,1,4,0.9,141,1,2,358,1775,3104,17,6,13,1,0,0,1
672,0,2.8,1,14,0,8,0.8,162,7,18,849,810,2400,18,3,4,1,1,1,0
1152,1,1.1,1,15,1,44,0.4,129,8,8,1354,1100,2237,13,2,14,1,0,0,1
1253,1,1.4,0,12,0,19,0.1,121,8,17,426,974,2319,9,14,16,0,1,0,0
1743,1,1.6,0,16,0,45,0.4,108,8,15,496,1069,2859,16,3,15,0,0,1,3
1581,1,1.6,0,7,1,39,0.4,118,6,0,827,1074,2233,15,8,10,1,1,1,2
975,0,2.0,0,1,0,38,0.1,139,3,1,485,846,631,9,12,14,1,0,1,3
955,1,2.9,0,4,0,59,0.6,120,1,13,1831,1319,997,16,17,5,1,0,1,2
1328,0,1.1,1,5,0,34,0.5,112,5,13,1472,1996,645,14,15,9,0,0,0,0
1394,1,0.8,1,11,0,45,0.7,162,7,0,1436,881,2923,8,0,4,0,1,1,3
1884,0,1.0,0,17,0,60,0.7,180,5,15,329,1803,1496,6,3,3,1,1,0,3
1524,0,2.7,0,0,0,32,0.2,162,5,14,1755,571,3726,9,17,9,1,0,1,1
886,1,2.1,1,16,1,59,1.0,176,7,14,888,1020,3587,6,7,18,1,0,0,0
847,0,1.2,0,10,0,12,0.3,190,5,11,990,1889,1079,16,15,14,1,0,0,2
689,0,2.5,0,9,1,5,0.5,95,8,15,1170,1432,2623,11,10,8,0,1,0,2
1004,1,2.7,0,18,1,60,0.5,102,2,13,258,1617,2499,15,17,10,0,0,1,3
1714,0,2.6,0,13,0,19,0.8,86,3,14,291,1896,3805,13,10,13,0,1,1,0
1892,1,2.8,0,9,1,5,0.2,105,6,14,1834,838,673,13,2,15,0,0,0,0
1932,1,1.1,1,14,1,50,0.5,175,5,18,142,1960,3802,15,7,15,0,1,0,2
1323,1,2.4,0,18,0,35,0.7,91,5,7,746,1859,862,10,9,16,0,1,0,2
1428,0,1.7,0,3,0,30,0.3,151,4,1,626,1163,823,5,15,4,1,1,0,0
1433,0,2.6,0,1,0,25,0.7,84,3,1,1388,539,799,17,4,16,1,0,0,1
1640,0,2.3,1,8,1,23,0.9,185,1,9,89,1882,2534,10,8,15,0,1,1,2
633,1,2.4,1,9,1,3,1.0,171,3,2,719,1073,1139,9,7,9,0,0,0,2
557,0,2.1,1,10,0,45,0.1,196,3,16,1187,1777,2824,8,10,6,0,1,1,1
1184,1,0.9,1,13,0,7,0.3,148,7,7,480,1465,958,16,15,5,1,0,1,1
1171,1,1.9,0,6,1,43,0.4,128,7,3,83,1080,1479,10,6,15,1,1,1,3
672,0,3.0,1,14,1,26,0.5,105,7,13,1100,1921,3149,10,14,17,1,1,0,3
1314,1,2.8,0,18,1,56,0.3,84,6,9,672,669,2976,18,16,7,1,0,0,0
1672,0,0.6,0,14,1,58,0.3,101,8,0,516,1200,1878,10,5,7,0,0,0,1
579,0,0.9,1,7,0,22,1.0,158,3,3,484,1010,2324,6,14,4,1,1,0,3
1385,0,0.8,1,10,1,56,0.9,92,6,0,1613,1783,3638,19,7,16,0,1,1,1
1736,0,2.3,1,8,1,60,0.1,107,5,16,1626,1083,2891,18,6,4,1,0,1,2
702,0,2.5,1,14,1,17,0.4,112,7,16,1622,1483,3201,11,1,12,1,1,1,2
1263,1,1.0,1,0,1,32,0.5,186,5,6,781,958,3980,18,12,4,1,1,0,1
1752,1,1.8,0,0,0,15,0.3,102,7,19,103,1028,3965,8,5,11,1,0,0,2
1750,1,2.6,1,18,0,40,0.7,176,2,14,1475,840,2042,17,4,19,0,0,0,2
1964,0,2.3,1,2,1,29,0.7,186,6,12,1510,556,1875,19,0,2,0,0,0,2
1925,0,1.9,1,9,1,33,0.9,97,6,1,338,717,1713,16,17,17,0,1,0,0
546,0,2.0,0,7,0,29,0.8,193,8,18,686,1118,2674,13,14,17,0,1,0,3
1756,1,1.8,1,14,0,52,0.6,196,1,12,1589,1315,1839,14,9,11,0,1,1,1
1828,0,1.2,0,9,1,56,0.7,109,4,10,899,1230,2170,6,2,2,0,0,1,2
1666,1,1.9,1,0,1,50,0.3,105,3,14,1501,963,333,9,4,5,0,1,0,3
1938,1,2.2,1,17,0,10,0.6,95,1,9,1746,746,3869,18,12,4,1,0,1,1
1896,0,2.7,0,1,0,59,0.5,156,6,8,606,1229,1564,8,7,6,0,0,1,3
1782,0,2.1,1,18,0,46,0.2,118,1,8,222,872,903,13,1,13,1,1,1,3
1155,1,2.4,0,12,0,23,0.3,112,2,19,1032,916,2443,8,8,13,0,0,1,1
970,0,0.9,0,0,0,33,0.4,105,4,0,1076,1554,808,12,16,14,1,1,0,1
1470,1,1.7,0,1,0,6,0.9,127,8,16,1100,867,1253,12,17,13,0,0,1,3
1535,0,0.5,1,15,1,24,0.3,144,6,11,1741,1058,537,10,12,17,1,0,0,0
1853,0,1.1,1,14,0,6,0.4,192,6,9,502,607,3889,10,0,14,0,0,0,0
1235,1,2.3,1,12,0,43,0.4,117,3,4,1339,1083,1537,15,11,6,0,1,1,3
1283,0,3.0,0,15,0,54,0.7,81,8,17,1837,1338,2102,12,4,5,0,0,0,3
1467,1,0.7,1,16,0,33,0.2,192,8,14,821,917,1639,16,7,16,0,1,1,3
857,0,1.5,0,6,1,60,1.0,85,7,5,1865,1320,2743,17,14,13,1,0,0,0
1471,1,2.5,1,16,1,11,0.9,125,4,6,623,1921,2573,16,2,12,0,0,0,0
1931,1,1.0,0,6,0,60,0.6,129,2,16,1886,1795,1413,14,5,7,0,0,1,0
1167,0,1.9,0,12,1,40,0.7,117,5,5,164,1182,3049,13,12,10,1,1,1,2
872,1,2.3,0,4,1,59,0.1,185,1,7,1302,1639,3967,19,11,2,0,1,0,2
1531,0,2.0,1,16,1,16,0.4,167,8,11,1050,755,359,9,17,13,1,1,1,1
1645,0,1.0,0,2,1,8,0.8,97,3,13,1093,1604,1021,15,0,15,1,1,0,0
1871,0,1.4,0,6,1,30,0.2,106,6,11,1241,1279,2398,5,6,7,0,1,1,2
1175,1,2.5,0,16,1,60,0.4,120,5,9,1388,1651,3032,5,11,2,0,0,0,2
589,1,1.9,0,6,0,48,0.6,151,2,19,1724,1337,1852,19,9,3,1,0,0,0
1197,0,0.5,0,0,0,4,0.3,171,4,14,1868,1414,735,6,11,12,0,1,0,3
1839,0,2.4,0,16,0,20,0.9,153,8,6,1329,734,3083,14,10,4,1,1,0,0
1701,1,0.6,1,16,0,11,0.2,96,1,8,1147,1052,3568,14,3,11,0,1,0,2
1039,0,2.4,1,10,0,29,0.8,198,8,9,18,680,2316,9,5,7,0,1,1,3
1231,0,1.0,0,2,1,30,0.6,141,3,9,1280,656,3474,8,8,7,1,0,0,2
1368,1,2.9,1,14,0,16,0.8,108,8,15,1319,1977,2219,5,9,3,0,1,1,0
540,0,1.4,1,10,0,36,0.4,137,8,6,1951,1070,4079,8,4,11,0,1,1,1
1239,1,1.3,0,15,1,7,0.6,149,8,4,1045,1356,2904,8,12,7,0,1,0,3
1001,0,0.9,0,8,1,13,0.9,157,6,2,1903,1547,2398,14,8,18,1,1,0,1
1458,1,1.3,0,0,0,48,0.5,101,6,17,988,1996,2596,8,1,15,0,0,1,2
1668,0,2.7,1,15,1,39,0.4,197,5,10,449,1923,2328,5,17,6,1,0,0,3
1724,0,3.0,0,8,1,14,0.6,85,5,14,551,1447,1551,13,0,18,0,1,0,3
1428,1,1.4,1,18,1,30,0.7,105,1,19,1573,1091,1784,18,11,3,1,0,1,2
960,0,1.6,0,11,1,20,0.5,118,4,4,1071,633,1445,7,9,10,0,0,1,3
1231,1,2.3,1,18,0,4,0.9,91,2,11,694,920,1194,17,1,13,0,1,1,3
1251,0,2.7,0,8,1,9,0.4,178,7,3,586,712,1017,8,8,8,1,1,1,1
1424,1,2.0,0,6,0,9,0.5,93,4,14,720,1399,3414,9,1,10,0,0,1,1
1408,1,1.5,1,13,0,56,0.8,101,4,8,1206,981,909,17,13,17,1,0,1,0
1776,1,1.5,1,18,1,59,0.7,130,4,6,1458,847,1925,17,10,12,0,0,0,0
889,1,2.2,1,18,1,21,0.9,102,7,9,106,665,3288,11,10,13,1,0,1,3
1382,0,0.5,1,1,1,48,1.0,127,1,12,1211,1436,2941,10,16,16,0,0,1,2
755,0,2.0,1,8,0,5,0.5,150,7,7,775,847,2794,9,3,19,1,1,0,3
1208,1,1.4,1,12,1,52,0.2,183,1,11,1109,1348,2187,12,12,17,0,0,0,3
949,1,2.5,0,14,1,22,0.1,129,7,18,1859,897,3468,18,6,16,1,0,0,2
509,1,0.7,1,2,1,4,0.8,168,2,0,1866,1082,1382,5,15,6,1,0,0,2
1323,0,2.0,0,10,1,46,0.9,92,8,15,1479,1225,3553,11,0,12,0,0,0,0
1297,0,1.7,0,13,1,9,0.3,164,4,16,1160,1958,2181,16,12,16,1,0,0,3
1765,0,2.1,1,7,0,24,0.2,184,8,17,1881,1744,830,10,0,19,1,0,1,1
1774,0,0.7,0,17,1,17,0.2,89,1,10,897,807,2597,15,10,14,0,0,0,2
1376,1,1.9,1,18,1,14,0.8,196,7,17,335,1490,3199,9,5,5,0,0,0,0
1528,1,1.9,1,15,1,4,0.4,134,2,6,606,1297,1585,11,2,18,0,1,0,3
1642,1,1.9,0,1,0,49,0.5,88,7,17,837,1218,1533,7,11,5,0,1,0,3
1515,0,2.0,0,7,1,10,0.6,158,8,7,1780,965,1459,5,4,17,0,0,1,2
873,0,2.2,1,5,0,61,0.9,131,6,5,1492,598,295,13,8,16,0,1,0,2
1588,0,2.5,1,11,0,15,0.7,81,2,6,601,1765,3079,6,11,15,1,1,0,2
645,1,1.2,0,14,1,14,0.7,104,4,9,1594,657,4028,17,9,13,1,1,1,1
723,1,2.6,0,7,1,54,0.3,92,3,10,402,1109,775,14,4,4,1,1,1,0
1762,0,1.7,0,3,1,58,0.6,177,4,12,539,1053,1895,19,4,11,0,1,1,2
676,1,0.7,0,14,0,8,0.7,130,3,8,1095,1150,4064,7,8,9,0,1,0,0
1352,0,0.6,1,19,0,16,1.0,137,2,6,1805,1419,2849,12,16,7,1,0,1,1
1805,0,1.3,1,16,0,8,0.3,113,6,8,23,726,2539,16,9,15,1,0,1,1
562,1,2.5,1,12,0,39,0.1,114,8,12,623,922,718,14,0,18,0,1,1,1
1740,0,2.3,1,17,0,35,0.2,181,6,2,1835,1595,1507,13,15,17,1,0,0,0
1326,1,2.5,0,1,0,42,0.4,82,1,2,1508,742,4027,17,14,16,0,1,0,1
1294,0,1.8,0,12,1,23,0.8,185,6,0,1079,1029,2104,7,16,16,0,0,1,1
1188,1,1.6,1,12,1,25,0.1,199,5,19,985,1568,738,10,12,2,1,0,0,1
1984,1,0.9,1,14,0,50,0.5,138,2,1,222,1995,2733,11,0,13,0,0,0,2
604,1,1.3,1,19,1,38,0.4,149,8,2,1655,870,3349,19,7,11,0,1,0,3
1622,0,1.6,1,9,1,45,0.1,198,8,14,178,1151,598,5,4,15,0,0,0,0
1010,0,0.7,1,2,0,2,0.5,127,1,5,799,1188,3367,18,5,11,0,0,0,3
884,1,1.1,1,18,0,11,0.3,143,8,12,433,1233,1452,11,13,11,1,1,1,1
904,1,2.0,1,2,1,44,0.4,192,6,0,1473,591,1718,8,10,12,0,1,1,2
1322,0,2.3,1,13,0,17,0.7,98,2,19,792,1545,1458,9,5,17,0,0,1,2
1017,0,3.0,1,7,0,47,0.6,146,4,18,883,671,1877,12,10,10,1,1,1,2
975,0,2.8,0,3,1,9,0.2,161,6,0,491,1715,2436,8,12,16,0,0,0,2
1208,1,2.1,1,19,0,57,1.0,182,7,1,1212,1600,2654,19,11,15,0,0,1,1
1270,0,1.6,0,10,1,50,0.7,152,3,14,1601,1804,3852,8,1,10,1,1,1,1
1960,0,2.1,0,10,1,26,0.8,195,2,13,809,1887,3867,12,2,5,1,1,0,3
1546,1,2.5,1,10,1,51,0.2,155,8,18,960,678,2809,19,3,8,0,0,0,0
1496,0,0.8,1,1,1,13,0.1,84,1,10,419,737,2387,9,16,9,0,1,0,0
1176,0,1.5,0,16,1,26,0.1,146,4,14,1272,1658,1248,17,5,9,1,0,0,0
1213,0,2.6,0,8,0,18,0.3,90,5,5,1611,1376,3791,10,6,16,0,1,1,0
1981,1,1.5,1,1,0,61,0.5,173,4,19,648,1401,3133,16,14,17,0,1,0,2
582,1,1.9,0,14,0,27,0.9,147,6,8,1187,779,3164,15,10,10,0,1,0,2
1668,1,2.0,1,15,0,47,0.5,148,3,4,1768,1542,2646,18,2,13,1,1,0,1
1608,1,1.0,1,3,1,49,0.4,80,4,19,1278,1239,3607,9,5,17,0,1,0,0
1601,1,1.4,1,7,1,15,0.6,170,5,1,475,870,3169,5,1,5,1,0,0,2
956,1,1.3,0,8,0,42,0.2,171,7,5,1829,1635,3590,11,13,6,1,0,0,3
500,1,0.6,0,4,1,37,0.6,142,1,17,1440,1369,1445,10,8,9,1,0,1,3
550,0,0.6,1,15,0,58,0.6,108,2,18,169,1518,2596,6,17,2,1,1,1,3
1184,0,2.6,0,12,0,24,0.8,161,3,8,1340,720,3836,15,11,7,0,0,1,3
1216,1,1.2,0,6,0,44,1.0,91,5,5,173,1419,1859,11,12,16,1,0,0,3
1969,0,1.8,0,19,1,7,0.3,156,8,13,469,803,3553,10,11,5,0,1,0,2
948,0,1.2,0,16,1,48,0.6,120,6,12,344,1848,1449,9,11,12,1,1,1,0
1380,1,2.9,0,2,1,6,0.9,81,6,10,444,1960,853,12,17,6,1,1,1,2
987,0,1.1,0,4,1,44,0.8,116,6,11,1041,937,900,9,8,19,0,0,1,0
533,0,1.6,0,18,0,26,0.5,124,8,18,1093,1693,703,15,16,16,1,0,1,3
1871,0,2.7,1,11,1,19,1.0,159,8,18,1361,874,2993,6,15,19,1,1,0,1
594,0,2.6,0,6,1,63,0.2,127,3,18,627,880,3305,10,16,14,0,0,1,2
1595,0,1.0,0,8,1,14,0.9,103,4,12,591,1485,3158,18,7,6,1,0,0,0
653,1,2.5,0,5,0,44,0.1,178,3,13,526,513,2805,16,10,2,1,1,0,2
749,1,1.6,0,16,0,15,0.6,101,6,17,1711,1242,1019,5,1,19,1,0,0,1
1173,1,1.7,0,15,1,29,0.9,179,7,11,455,1168,3854,9,7,15,0,1,1,1
937,0,0.8,0,2,1,19,0.3,90,5,3,1292,999,990,18,11,6,1,0,1,1
617,1,0.7,0,3,1,60,0.5,198,2,9,1654,1914,3706,10,0,7,0,1,1,0
1270,0,2.3,0,9,1,61,0.4,137,2,16,810,1064,3528,19,12,17,0,0,0,1
1829,0,1.7,1,4,0,58,1.0,125,3,3,187,1029,1898,11,16,13,0,0,0,1
767,0,1.6,0,9,1,29,0.8,108,6,11,1020,991,2553,18,13,19,1,1,1,3
1577,0,2.3,0,11,1,52,0.7,114,8,12,1592,1908,3736,6,13,3,1,1,0,1
735,1,2.4,0,9,1,57,0.6,191,1,3,710,1719,856,5,15,14,1,1,1,1
888,1,0.9,0,12,0,28,0.8,197,7,9,528,1254,2428,10,16,18,1,1,0,3
1489,0,2.0,1,10,0,33,0.5,94,3,2,433,799,2416,7,5,18,0,0,0,2
1262,1,0.8,1,15,1,48,0.5,139,6,14,287,1314,1236,9,6,17,0,1,0,1
900,0,2.4,1,7,1,10,0.8,174,4,1,1941,1046,3464,16,0,19,1,1,0,1
1123,1,2.1,1,7,1,41,0.4,121,2,16,1590,1226,2038,19,14,9,1,1,0,3
1266,1,2.9,1,7,1,33,0.2,184,2,5,498,1230,3823,15,17,4,0,1,0,1
1826,0,0.7,1,12,1,21,0.2,122,7,7,1464,1327,4005,17,12,18,1,1,0,1
1418,1,0.6,1,1,0,29,0.2,159,2,2,1804,1101,2453,19,1,19,1,0,1,3
1730,0,1.2,1,11,0,34,0.9,153,1,17,302,1831,3178,6,14,7,1,1,0,0
1752,1,1.2,1,9,0,5,0.5,128,6,0,86,1775,2646,19,11,9,1,1,0,3
1352,0,1.1,1,11,1,47,0.7,143,6,15,829,1531,835,5,14,14,1,1,1,1
1077,0,2.8,1,10,0,58,0.5,111,7,6,437,1267,4060,5,17,9,1,0,1,2
574,1,1.1,1,14,0,35,0.3,143,6,2,540,1374,1038,17,13,7,0,0,1,3
934,1,1.2,1,15,0,49,0.4,194,8,3,1045,1731,2624,15,5,16,0,0,1,1
602,0,2.4,1,16,1,4,0.8,81,7,8,832,1436,3125,8,11,11,0,1,0,3
1945,1,1.6,1,1,1,27,0.7,103,6,4,796,630,787,14,5,18,0,1,0,3
1263,1,2.4,1,17,0,9,0.9,166,1,18,559,1107,3616,17,8,2,1,0,1,1
1237,0,0.7,0,11,1,7,0.7,145,5,14,1540,525,1768,6,3,8,1,0,0,3
1305,0,1.7,1,18,0,17,0.6,117,3,7,761,1977,2795,5,16,14,0,1,1,0
1829,1,0.6,0,17,0,25,0.6,110,3,5,1698,1134,867,10,1,4,0,1,0,3
597,0,0.7,1,16,0,49,0.9,194,6,17,1526,1709,2555,18,15,16,0,1,0,1
1297,0,2.8,1,5,0,40,0.8,183,4,18,1737,983,2261,8,13,6,0,0,0,1
1858,0,0.8,0,14,1,31,0.1,105,2,14,466,1179,1356,14,7,12,0,1,0,0
1358,1,1.8,1,2,1,46,0.6,108,1,6,1124,1574,1926,17,13,19,1,1,0,1
934,1,1.5,0,5,1,14,0.7,146,4,9,1606,504,1671,16,1,4,1,0,1,0
946,0,1.4,0,2,1,6,0.8,157,8,5,674,1088,1691,19,15,7,0,0,0,3
1831,1,2.7,0,0,0,26,0.3,104,4,13,684,1683,2476,11,3,4,0,0,0,3
748,0,0.6,1,12,1,21,0.9,127,6,16,1164,707,1130,15,0,6,1,1,0,0
665,1,2.2,1,13,0,55,1.0,144,1,8,137,756,2504,10,13,10,1,0,0,0
1483,0,2.9,1,12,1,19,0.3,132,3,18,577,1728,472,9,7,14,1,0,0,3
1858,0,1.9,0,3,1,48,0.9,146,2,4,709,510,631,14,2,7,0,1,1,1
1519,1,2.8,0,6,1,19,0.2,197,3,6,1863,1448,4047,16,4,12,1,1,0,0
1041,0,0.6,1,9,0,3,0.2,169,4,18,227,507,1865,17,5,15,0,0,1,2
1258,1,1.5,1,6,0,11,0.2,97,8,19,280,1932,266,16,7,7,0,1,0,1
1629,1,1.2,1,14,0,56,0.2,88,2,6,683,1435,4095,16,5,7,1,0,0,0
580,0,2.3,1,14,0,46,0.9,117,5,1,827,531,3339,16,5,18,1,1,1,2
632,0,3.0,1,3,1,51,0.2,166,4,15,430,1039,3195,6,3,12,1,1,0,2
1296,1,1.1,0,5,0,48,0.3,100,3,12,1063,1504,1869,9,6,16,0,0,0,0
1399,0,2.1,0,19,0,13,0.2,144,3,7,1542,886,2738,13,6,10,1,0,1,3
637,0,1.0,0,4,1,48,0.4,100,6,5,1709,1751,4011,13,2,18,1,0,0,2
683,0,1.9,1,19,1,14,0.2,106,3,5,1686,1139,3935,6,7,8,0,1,1,1
1924,0,1.7,0,11,0,51,0.7,185,1,8,1234,1998,1073,11,0,8,1,0,1,0
1853,0,2.9,0,0,1,48,0.2,149,4,3,301,706,3700,14,0,2,1,1,1,0
1284,1,2.0,0,7,0,58,0.9,198,7,10,1109,1841,1552,18,13,9,0,1,0,1
1483,1,1.4,0,0,1,56,0.8,123,7,4,1420,1056,3234,8,5,6,0,0,0,0
568,0,0.8,0,4,0,12,0.1,179,8,16,1276,847,946,17,9,9,0,1,1,1
1045,0,0.9,1,5,0,20,0.9,107,2,19,532,1292,1855,17,13,18,0,1,0,0
552,0,1.1,0,2,0,36,0.1,124,3,6,768,733,1788,7,3,13,0,0,1,2
1973,1,1.1,1,14,0,40,0.3,96,6,14,1914,1567,1411,15,5,16,1,1,0,3
704,0,2.6,1,4,0,54,0.1,119,6,14,1938,1505,3158,5,15,5,1,1,1,2
625,1,1.9,1,13,1,27,0.4,195,3,13,1404,1236,2203,7,0,13,0,0,0,2
542,1,1.8,1,17,0,47,0.6,82,1,12,443,1441,1039,15,5,14,1,0,1,3
610,1,0.8,1,15,0,15,0.8,155,6,10,1056,1665,2622,13,8,15,1,1,0,2
1260,0,2.7,0,5,0,55,0.4,182,7,12,259,675,3147,18,14,6,0,1,1,1
1706,1,2.3,0,13,0,46,0.7,155,2,8,1257,948,2228,19,11,17,0,1,0,1
1347,0,0.7,1,7,0,45,0.3,145,4,9,1538,1091,2132,13,2,8,0,1,1,3
594,1,2.3,1,6,1,25,0.8,199,5,3,1882,581,2924,11,10,16,1,0,0,0
1897,0,1.9,1,7,1,42,0.3,125,1,16,1331,634,1040,7,14,14,0,1,0,1
1399,1,0.7,0,12,0,2,0.2,165,8,13,738,1355,3495,17,2,17,1,1,1,2
859,0,1.6,1,5,1,52,0.3,166,8,17,795,1700,652,7,13,13,1,1,0,2
1399,1,1.7,0,17,0,44,0.3,109,6,10,69,1906,3507,8,1,8,1,1,0,3
780,0,0.9,1,1,1,56,0.6,148,4,15,1477,1766,1337,11,3,17,1,0,0,1
1718,0,2.9,0,7,1,23,0.9,88,5,0,1462,1664,1759,11,11,14,0,1,0,0
1718,0,2.6,1,10,0,24,0.2,164,8,6,1848,1980,2289,16,1,4,1,0,1,3
1166,0,2.2,0,0,1,57,0.7,90,3,9,1387,939,1870,16,16,16,0,0,0,0
592,1,1.7,1,5,1,55,0.7,148,3,8,982,1579,715,18,2,4,1,0,0,0
1171,1,1.5,0,15,0,20,0.9,178,2,2,1789,1196,2364,6,9,8,0,0,1,1
560,0,2.1,0,19,0,19,0.3,170,5,13,480,918,2672,16,15,19,0,0,0,3
1133,1,1.9,0,11,1,13,0.5,192,3,14,1167,587,3448,19,8,15,0,1,1,3
1574,0,0.7,0,10,1,56,0.9,145,8,1,23,1155,3022,9,10,19,1,0,0,3
1926,0,1.8,0,9,1,29,0.7,167,3,13,964,1531,801,11,14,15,1,0,1,0
1528,1,2.5,0,2,0,29,0.4,110,7,15,1448,714,3909,11,2,7,1,0,0,1
1989,0,1.6,0,12,1,61,0.2,112,6,6,745,1051,3344,10,15,9,0,1,1,1
1103,0,0.6,1,2,1,60,0.3,118,8,3,844,1002,2799,14,11,8,1,0,1,3
1181,1,2.5,1,14,1,34,0.6,173,8,17,1198,1198,752,14,4,19,1,1,1,1
1033,0,1.0,1,15,0,20,0.7,125,8,4,1867,744,760,16,6,19,1,0,0,0
1928,0,1.1,1,12,0,29,0.2,116,2,5,324,808,3859,12,8,16,0,0,1,2
1337,0,0.9,1,16,0,60,0.6,194,4,6,1892,730,3272,7,17,3,1,1,0,1
1144,0,1.3,0,2,0,53,0.6,171,8,14,1694,1906,3642,19,7,9,1,1,1,2
732,1,2.4,0,19,1,62,0.6,139,3,0,1883,654,1348,5,11,12,0,1,1,3
1023,1,1.8,0,10,0,63,0.7,110,7,3,1371,1698,4054,7,1,19,0,0,1,1
845,1,1.0,0,18,1,50,0.9,90,8,0,797,1347,2464,15,9,14,0,1,0,0
1569,0,2.7,0,10,1,38,0.4,166,1,10,17,614,1893,6,8,10,0,1,0,1
1045,0,2.7,1,15,1,27,0.9,81,1,17,43,1913,973,6,7,10,0,1,1,1
1601,1,2.7,1,2,1,36,0.2,183,4,13,154,810,3472,18,0,18,0,1,1,0
1596,0,1.1,1,5,0,35,0.3,184,5,10,866,1492,1848,18,5,8,1,1,1,2
1293,0,1.6,1,13,0,36,0.3,106,2,9,921,799,3922,6,11,10,1,0,1,0
748,0,3.0,0,17,0,41,0.2,178,7,16,1400,1541,3296,9,16,2,0,1,1,3
546,0,2.4,0,16,0,17,0.3,81,6,3,742,1283,1664,17,1,3,1,0,1,0
1644,1,0.6,0,3,0,39,0.2,182,7,14,1906,511,524,5,10,5,0,1,1,1
713,1,0.7,1,14,1,14,0.8,180,1,15,1851,1927,2202,14,17,15,1,1,1,1
738,1,1.7,0,10,0,63,0.2,100,1,12,1425,731,1733,8,10,5,0,0,0,3
1579,0,2.8,1,2,0,24,0.8,137,4,8,224,1454,3002,18,17,3,0,0,1,1
849,1,1.8,0,2,0,61,0.1,84,5,10,216,1229,1797,14,7,9,1,0,0,3
606,1,1.7,0,15,0,55,1.0,131,5,10,1591,1801,1120,9,14,19,1,0,1,3
1330,0,0.8,1,4,1,23,0.7,124,4,5,30,1876,2653,6,8,15,1,1,0,3
547,0,2.1,0,9,1,17,0.1,164,8,0,1892,1517,365,9,14,11,1,0,0,3
836,1,2.6,0,18,1,29,0.8,172,7,5,1082,1498,3810,14,6,18,1,1,1,0
1549,1,1.5,1,3,1,49,0.6,99,1,12,1915,802,2710,19,12,9,1,1,0,3
1303,1,2.4,0,18,1,36,0.8,140,7,4,897,1040,905,8,12,15,1,1,0,3
1780,1,2.9,1,10,0,61,0.6,117,7,14,1376,969,2354,12,0,9,1,0,1,3
507,0,1.0,0,1,1,46,0.7,99,2,17,934,1312,3730,5,3,6,0,0,1,0
1124,1,1.8,0,9,1,47,0.8,193,1,19,444,576,3890,19,3,17,1,0,1,2
1776,1,1.2,0,10,1,9,0.5,104,5,13,1258,1519,1755,16,3,9,1,1,0,0
1218,0,2.5,0,19,0,45,0.1,81,6,14,1130,523,1366,9,12,11,0,0,1,1
802,1,1.9,0,15,0,56,0.9,111,7,4,1214,1538,3395,18,1,9,0,0,0,2
1138,0,2.1,0,18,1,56,0.4,105,1,3,529,1175,851,18,14,10,0,1,1,3
555,0,2.5,0,10,0,23,0.5,149,7,1,1936,1024,1234,15,3,19,0,0,1,2
1225,0,1.5,0,13,0,22,0.1,120,2,6,737,846,3369,16,5,4,1,1,0,3
1025,1,2.8,1,1,1,27,0.5,146,8,9,1702,671,986,14,2,18,1,0,0,0
973,1,1.8,1,4,0,41,1.0,176,3,15,1606,1850,312,5,6,16,0,0,0,0
527,0,0.9,0,4,0,22,0.4,80,1,9,873,1211,3041,14,5,18,0,0,1,2
577,1,2.2,0,18,0,26,0.5,130,4,17,565,988,2499,14,2,9,1,0,1,1
1739,1,2.5,1,11,1,42,0.7,84,3,16,1268,1985,2039,8,3,3,1,0,1,3
1909,0,1.3,0,17,1,2,0.8,92,7,12,1885,877,1957,12,9,18,1,1,0,1
864,0,2.6,0,3,1,7,0.5,98,4,0,75,1687,3389,5,8,19,1,0,0,1
1165,1,2.8,1,16,0,24,0.4,91,4,0,546,871,1542,15,5,6,0,0,0,2
1025,0,1.2,0,9,1,52,0.9,127,4,14,266,1499,367,19,10,10,1,0,0,1
1198,1,3.0,0,19,0,24,0.7,104,1,0,316,1476,3068,6,6,10,0,0,1,3
1835,1,0.9,1,5,0,44,0.2,136,5,5,1835,1947,966,5,17,3,0,0,0,1
1382,1,1.0,0,13,0,44,0.2,194,7,12,1144,1256,1457,15,3,3,0,0,0,1
1530,1,1.0,0,10,1,24,0.5,114,3,0,1859,976,1203,11,4,4,1,0,1,3
1526,0,2.7,1,10,1,33,0.3,155,2,4,24,881,281,6,3,18,0,1,1,1
1418,0,2.1,0,17,1,31,0.3,173,5,8,1455,654,2713,5,3,15,1,1,0,3
1249,0,0.9,1,17,1,14,0.9,84,7,16,159,756,1013,19,12,15,0,0,0,0
862,0,1.6,0,10,0,44,0.2,177,8,15,595,1173,2834,16,15,15,1,1,0,0
1797,1,2.0,0,11,1,19,0.7,101,8,7,1137,567,2056,10,13,7,0,0,0,3
1305,1,0.7,1,4,0,24,0.3,182,1,16,1758,843,3644,10,10,4,0,1,0,3
1238,0,2.7,1,8,1,16,0.8,156,4,14,899,1800,1811,14,1,2,1,0,0,1
1538,1,2.5,0,8,1,34,0.8,136,2,0,501,1172,3433,6,13,17,1,0,1,2
1715,1,1.8,1,9,1,22,0.1,126,7,11,1189,890,3052,19,6,5,0,1,1,3
984,1,2.9,1,18,0,58,0.6,133,3,4,1012,1972,2097,5,10,2,0,0,1,0
527,0,1.5,0,0,0,40,0.2,82,7,5,702,758,3791,18,3,18,1,1,1,0
1213,0,3.0,0,6,0,24,0.9,132,5,0,1198,806,2549,14,6,19,0,0,0,2
1562,0,2.2,0,3,0,28,0.9,163,8,0,0,1618,1360,7,15,9,1,0,0,0
1796,1,2.1,1,0,0,46,0.5,110,6,9,1922,1449,917,14,5,3,1,0,0,0
1754,0,0.9,1,14,1,45,0.5,148,5,9,740,1987,1164,18,5,19,0,0,0,3
585,0,2.7,1,7,0,19,0.4,167,7,2,1109,1469,2699,9,1,17,1,1,1,0
1997,0,1.6,1,11,0,25,0.7,183,2,16,1597,745,777,10,7,11,0,0,0,3
625,0,0.9,0,17,0,52,0.4,197,7,18,319,1232,2112,7,6,9,1,1,0,2
1311,0,0.5,1,14,0,48,0.3,112,7,10,1424,686,2015,13,13,13,1,1,0,2
1036,0,1.9,0,16,1,41,0.5,151,1,17,381,1424,3229,15,8,17,0,0,0,2
644,1,1.8,1,13,0,52,0.2,167,3,1,1741,1284,2567,9,14,13,1,0,1,1
1735,1,2.3,0,13,1,43,0.8,129,2,8,1640,1896,3988,17,17,12,0,1,0,0
524,0,2.7,0,17,1,8,0.1,163,7,16,1341,1929,1045,6,11,2,1,1,1,0
1917,0,0.7,0,19,1,51,0.7,95,4,13,1826,907,1553,14,12,4,1,0,0,3
566,1,2.3,1,17,0,49,0.3,193,3,3,1273,1648,1985,10,6,13,1,1,0,0
732,1,1.0,0,15,1,21,0.3,195,5,16,1548,1860,427,16,9,10,1,1,0,0
608,0,2.6,0,0,0,28,0.7,155,2,16,1698,840,520,12,9,6,0,1,1,3
1669,0,2.5,1,10,0,7,1.0,156,5,11,1578,1062,2242,15,1,2,1,0,0,3
610,0,1.9,0,14,0,28,0.8,188,8,19,897,1701,1305,10,13,11,1,1,0,1
727,0,2.3,1,11,0,10,0.3,185,7,17,1646,1150,1748,8,12,18,1,1,0,0
610,1,1.3,1,7,0,54,0.3,118,5,2,716,1451,2141,10,5,5,0,1,1,2
1993,0,1.7,0,19,1,46,0.9,168,5,10,1919,1693,731,12,8,16,0,1,1,3
533,0,2.6,0,5,1,58,0.5,125,1,17,1279,1562,2659,12,12,9,0,0,0,0
1122,0,1.6,1,2,0,32,0.2,175,5,3,306,568,1305,17,8,16,0,0,1,0
1892,0,1.4,0,12,1,22,0.9,167,4,16,1167,1759,289,14,12,8,1,1,0,3
1247,1,1.7,1,12,0,27,0.8,191,4,17,1681,880,2567,6,4,16,1,1,0,3
1094,1,2.6,1,1,1,41,1.0,126,3,4,390,556,1417,12,13,9,1,1,1,3
924,1,1.3,1,4,1,49,0.9,123,7,13,1836,1800,1071,10,4,11,0,0,0,0
1112,0,0.9,0,16,1,46,0.9,88,6,9,1699,1349,4022,6,8,19,0,0,0,1
1191,0,2.3,1,5,1,14,0.1,183,8,14,1192,1622,3178,5,7,5,1,1,1,2
1805,1,2.6,0,1,1,50,0.2,193,5,0,989,1415,1009,10,6,16,1,1,1,0
1843,0,0.8,0,3,0,24,0.6,166,5,15,297,824,821,17,7,12,1,0,1,0
1966,0,1.1,0,10,0,21,0.6,129,2,10,232,960,717,11,2,4,0,1,1,1
814,1,0.9,0,7,1,38,0.5,156,1,19,1926,678,3495,18,14,16,1,1,0,2
1376,1,1.4,1,11,0,55,0.5,139,6,5,270,1343,1910,18,7,4,1,0,0,2
1900,1,1.6,0,7,1,54,0.5,175,3,15,1083,1073,2958,14,0,16,0,0,0,3
1812,1,2.4,1,10,0,29,0.6,193,8,1,1319,618,336,9,6,7,0,0,0,3
1960,0,2.1,1,19,1,18,0.1,94,6,0,1490,1992,3060,18,1,2,1,0,0,3
1161,0,2.1,0,7,1,29,0.3,115,5,8,1258,1048,2193,14,13,15,0,0,0,3
776,1,1.4,1,7,1,42,0.6,192,2,11,676,1145,1125,12,17,17,1,1,0,1
1123,0,2.6,1,16,0,3,0.7,142,7,16,705,1978,1686,15,14,2,1,0,0,1
1015,1,1.7,0,19,0,26,0.3,148,1,14,233,525,3901,17,13,18,1,0,1,2
1873,1,2.9,1,19,1,59,0.6,165,7,18,1391,1531,1325,16,16,9,1,0,0,0
1342,0,2.1,1,15,1,51,0.7,159,3,9,1718,1468,854,13,15,19,0,0,0,3
1969,1,0.8,1,13,0,42,0.5,120,6,11,844,1032,1890,8,0,17,0,0,0,0
849,0,2.2,1,10,0,7,0.1,153,3,13,1255,648,1062,11,6,7,0,0,0,1
1322,0,1.3,0,6,0,12,0.5,103,5,8,1896,1548,2190,12,10,11,1,1,0,2
1660,0,2.2,1,15,0,58,0.4,161,3,12,490,1154,1332,17,4,11,1,0,1,2
1258,0,0.7,1,12,0,62,0.9,128,7,2,1642,1444,3287,10,16,6,1,1,1,2
1398,1,0.9,1,14,1,39,0.2,97,2,13,502,1054,959,6,10,13,0,1,1,2
